district,hour,pm10,pm25,o3,no2,co,so2
강남구,0,31.352617079889807,18.46831955922865,0.027637912087912088,0.019772802197802197,0.40425824175824177,0.0024747252747252747
강남구,1,31.691460055096417,18.705234159779614,0.02703489010989011,0.01866675824175824,0.39576923076923076,0.002436813186813187
강남구,2,30.361878453038674,17.87052341597796,0.02646043956043956,0.017703296703296702,0.3842857142857143,0.0023934065934065932
강남구,3,30.58011049723757,18.25068870523416,0.025740934065934067,0.016999175824175823,0.3757692307692308,0.0023607142857142854
강남구,4,29.35082872928177,17.509641873278238,0.024954395604395604,0.016534340659340657,0.36865384615384617,0.0023384615384615384
강남구,5,29.92265193370166,18.068870523415978,0.02347142857142857,0.017025549450549453,0.3661263736263737,0.002321153846153846
강남구,6,29.542699724517906,17.831955922865014,0.02145686813186813,0.01848653846153846,0.3639560439560439,0.002297802197802198
강남구,7,30.088154269972453,17.90909090909091,0.01862087912087912,0.021761813186813188,0.37412087912087916,0.002337912087912088
강남구,8,29.74931129476584,17.170798898071624,0.01770521978021978,0.024008516483516484,0.3948626373626373,0.0023782967032967032
강남구,9,31.349862258953166,17.418732782369148,0.020169505494505496,0.023622252747252746,0.4143526170798898,0.002442857142857143
강남구,10,32.06060606060606,17.06611570247934,0.024321703296703294,0.022381043956043952,0.41912087912087914,0.0025192307692307693
강남구,11,33.54016620498615,17.138121546961326,0.02984931129476584,0.02027603305785124,0.4066666666666667,0.002561707988980716
강남구,12,33.15297450424929,16.6938202247191,0.035889518413597735,0.017812429378531072,0.3843502824858757,0.0025689265536723163
강남구,13,34.01449275362319,18.014285714285716,0.04122724637681159,0.015592196531791907,0.3667052023121387,0.0025485549132947976
강남구,14,33.30747126436781,17.84,0.0445448275862069,0.014768103448275864,0.35554597701149426,0.002547413793103448
강남구,15,34.448680351906155,18.104046242774565,0.04626695652173913,0.014225581395348838,0.3422093023255814,0.0025686046511627907
강남구,16,33.2991452991453,17.507042253521128,0.04632478632478633,0.014617948717948717,0.3410826210826211,0.002537037037037037
강남구,17,33.991643454039,18.371191135734072,0.045910497237569056,0.01533601108033241,0.342797783933518,0.002531388888888889
강남구,18,33.43646408839779,18.600550964187327,0.04386181318681319,0.016439669421487602,0.3528650137741047,0.0025085872576177284
강남구,19,33.666666666666664,19.325068870523417,0.04004752747252747,0.018045329670329673,0.37532967032967035,0.002490909090909091
강남구,20,32.85123966942149,19.151515151515152,0.03612142857142857,0.019154395604395604,0.3898626373626374,0.0024953296703296704
강남구,21,33.03305785123967,19.272727272727273,0.03308241758241758,0.019523351648351648,0.4028846153846154,0.002495054945054945
강남구,22,31.980716253443525,18.611570247933884,0.031063736263736264,0.019700824175824177,0.4039285714285714,0.0024989010989010987
강남구,23,32.36088154269972,18.96694214876033,0.02892554945054945,0.020261538461538463,0.4067307692307693,0.0024884615384615383
강동구,0,35.085470085470085,21.584022038567493,0.027766483516483514,0.01928186813186813,0.5600859598853868,0.002696418732782369
강동구,1,34.085470085470085,22.34078212290503,0.026665109890109888,0.01824065934065934,0.5487896253602306,0.002669889502762431
강동구,2,33.973837209302324,21.165289256198346,0.025821978021978022,0.017113186813186812,0.5407204610951009,0.0026281767955801108
강동구,3,32.86440677966102,20.97245179063361,0.025078846153846153,0.0162989010989011,0.5347262247838617,0.0025983425414364643
강동구,4,31.814814814814813,20.257617728531855,0.024376923076923077,0.015772802197802197,0.5261671469740634,0.0025671270718232043
강동구,5,31.178977272727273,20.093922651933703,0.02278846153846154,0.016121978021978022,0.5230547550432276,0.0025464088397790055
강동구,6,31.507082152974505,20.191135734072024,0.020174175824175824,0.018132417582417584,0.5327665706051873,0.002535359116022099
강동구,7,32.138810198300284,20.74792243767313,0.017909065934065934,0.020947802197802196,0.5478097982708934,0.002566759002770083
강동구,8,33.26536312849162,21.11049723756906,0.01805631868131868,0.022515934065934065,0.5627665706051873,0.0026390581717451525
강동구,9,35.09915014164306,21.76795580110497,0.02171923076923077,0.021062637362637363,0.5728242074927954,0.002698342541436464
강동구,10,36.33147632311978,22.033240997229917,0.027420604395604394,0.01871620879120879,0.5631123919308357,0.0027519337016574585
강동구,11,36.41547277936963,21.694915254237287,0.03376969696969697,0.016273553719008266,0.5398554913294797,0.0027656509695290856
강동구,12,35.06432748538012,20.660818713450293,0.040255780346820806,0.013978034682080925,0.514320241691843,0.0027739130434782607
강동구,13,34.89504373177842,20.262247838616716,0.045432947976878614,0.012500867052023122,0.4971385542168675,0.0027391304347826086
강동구,14,35.21052631578947,20.181818181818183,0.04894602272727273,0.011655555555555556,0.48178571428571426,0.0027217142857142856
강동구,15,35.13544668587896,19.76901408450704,0.05065014005602241,0.011501960784313727,0.47646198830409353,0.0027367977528089888
강동구,16,34.55742296918768,19.26869806094183,0.05105153203342618,0.011557938718662954,0.4699709302325581,0.002734173669467787
강동구,17,34.422096317280456,19.361878453038674,0.04956208791208792,0.01272747252747253,0.47595988538681955,0.0027256906077348067
강동구,18,34.94084507042253,19.63157894736842,0.046521428571428575,0.014864010989010988,0.49507163323782233,0.002731129476584022
강동구,19,34.96619718309859,20.26038781163435,0.041723901098901096,0.017509065934065936,0.5239828080229226,0.002734435261707989
강동구,20,35.53389830508475,21.336111111111112,0.037100274725274725,0.019107967032967035,0.547106017191977,0.002759779614325069
강동구,21,35.30337078651685,21.85595567867036,0.0338228021978022,0.019892307692307692,0.5600573065902579,0.0027688705234159778
강동구,22,35.43258426966292,21.776243093922652,0.031277472527472525,0.020120604395604397,0.568080229226361,0.0027592286501377412
강동구,23,35.292957746478876,21.9366391184573,0.029264560439560442,0.01984945054945055,0.5659885386819484,0.0027198347107438015
강북구,0,29.467966573816156,17.65277777777778,0.03056386554621849,0.011014010989010989,0.33925619834710746,0.0021134453781512606
강북구,1,29.944289693593316,18.18384401114206,0.028968067226890756,0.011085989010989013,0.3408815426997245,0.0020949579831932774
강북구,2,29.008310249307478,17.590027700831026,0.027754061624649863,0.01091565934065934,0.3428099173553719,0.0020772471910112363
강북구,3,29.30640668523677,17.698060941828256,0.026945505617977525,0.010569230769230768,0.33914600550964186,0.0020396067415730337
강북구,4,28.33426183844011,17.244444444444444,0.02571764705882353,0.010653296703296703,0.33801652892561984,0.00203876404494382
강북구,5,28.897506925207757,17.616666666666667,0.02445238095238095,0.010954945054945054,0.3443250688705234,0.0020424157303370787
강북구,6,28.52924791086351,17.369444444444444,0.022629691876750697,0.011843131868131868,0.35669421487603303,0.0020219101123595505
강북구,7,28.81388888888889,17.147222222222222,0.021327450980392158,0.013046153846153846,0.3678236914600551,0.0020583098591549294
강북구,8,27.565459610027855,15.896935933147633,0.021992717086834732,0.014699725274725274,0.3821487603305785,0.00212
강북구,9,29.71309192200557,16.177777777777777,0.02464621848739496,0.016386813186813187,0.4019889502762431,0.0022307909604519774
강북구,10,31.882022471910112,17.261838440111422,0.029504201680672266,0.01642747252747253,0.4001928374655648,0.0023711048158640224
강북구,11,33.813559322033896,18.969101123595507,0.035216901408450706,0.014786944444444443,0.3720833333333333,0.0024475920679886687
강북구,12,32.10795454545455,18.288515406162464,0.0405725988700565,0.013010306406685237,0.35000000000000003,0.0024555240793201136
강북구,13,31.906779661016948,19.09269662921348,0.044823931623931626,0.01187955182072829,0.33829131652661065,0.00244
강북구,14,30.71875,17.473087818696882,0.048123714285714284,0.010761408450704226,0.3212112676056338,0.002411527377521614
강북구,15,31.498559077809798,18.21551724137931,0.05000488505747127,0.009942776203966006,0.30764872521246456,0.002417391304347826
강북구,16,31.36764705882353,18.41642228739003,0.05084441176470588,0.00950874635568513,0.300466472303207,0.002391641791044776
강북구,17,33.09411764705882,20.406976744186046,0.0495312865497076,0.009904651162790698,0.30357558139534885,0.0023597633136094674
강북구,18,32.57746478873239,20.076271186440678,0.045602266288951844,0.010580222841225626,0.314874651810585,0.0023121813031161476
강북구,19,32.15235457063712,19.398891966759003,0.04166340782122905,0.01144587912087912,0.32645604395604394,0.00228268156424581
강북구,20,30.806629834254142,18.272222222222222,0.03818128491620112,0.011717582417582417,0.3327272727272727,0.0022533519553072623
강북구,21,30.587257617728532,18.26050420168067,0.035859943977591034,0.011383791208791209,0.33432506887052343,0.002207843137254902
강북구,22,30.072222222222223,17.91364902506964,0.033828291316526614,0.011094230769230768,0.33294765840220386,0.002173389355742297
강북구,23,30.318559556786703,18.238227146814406,0.03208179271708684,0.010924175824175824,0.3368870523415978,0.002138935574229692
강서구,0,36.08563535911602,19.771349862258955,0.026575549450549452,0.021845054945054947,0.41140495867768595,0.0028747922437673133
강서구,1,34.96398891966759,19.388429752066116,0.02630521978021978,0.020462912087912087,0.40568681318681316,0.0028124653739612193
강서구,2,35.05263157894737,18.988980716253444,0.026068131868131866,0.019226373626373628,0.39401098901098897,0.0027693370165745856
강서구,3,33.96388888888889,18.994490358126722,0.026049725274725273,0.01815741758241758,0.3848351648351649,0.002730110497237569
강서구,4,33.908839779005525,18.484848484848484,0.025497527472527474,0.017711538461538463,0.37947802197802194,0.002719889502762431
강서구,5,33.19444444444444,18.91988950276243,0.024220054945054945,0.01825879120879121,0.3965289256198347,0.0027041436464088396
강서구,6,33.93905817174515,18.42265193370166,0.021457692307692306,0.02084010989010989,0.42988980716253444,0.002703314917127072
강서구,7,33.447513812154696,18.663911845730027,0.018615384615384614,0.024380769230769234,0.4549861495844875,0.0028033149171270717
강서구,8,33.57300275482093,17.52341597796143,0.01833846153846154,0.026464835164835165,0.48215469613259665,0.0029169444444444447
강서구,9,33.74931129476584,17.581267217630852,0.02198708791208791,0.02509230769230769,0.4767217630853995,0.0029947222222222224
강서구,10,34.86776859504132,17.132596685082873,0.027324450549450548,0.022218956043956045,0.4456043956043956,0.003015235457063712
강서구,11,35.26315789473684,17.99171270718232,0.033442265193370166,0.01959254143646409,0.41814917127071827,0.0029816155988857938
강서구,12,35.89801699716714,17.95505617977528,0.03955837988826815,0.016872549019607844,0.3904481792717087,0.002912640449438202
강서구,13,35.26589595375722,18.679083094555875,0.044668,0.0147432664756447,0.3734383954154728,0.0028573487031700287
강서구,14,34.815561959654175,17.817663817663817,0.048121875,0.01330940170940171,0.3535042735042735,0.0028037142857142857
강서구,15,34.20977011494253,17.802857142857142,0.04960875706214689,0.013004249291784701,0.3466005665722379,0.002799147727272727
강서구,16,35.2906976744186,18.022988505747126,0.04973890489913545,0.01311936416184971,0.3407536231884058,0.002803779069767442
강서구,17,35.11304347826087,18.53314121037464,0.04730458452722063,0.014261383285302593,0.3459942363112392,0.0027843023255813954
강서구,18,35.907042253521126,19.00560224089636,0.04273277777777778,0.016629444444444443,0.35863888888888895,0.0028212885154061625
강서구,19,35.85635359116022,19.814917127071823,0.03713241758241758,0.019827472527472526,0.3907967032967033,0.002894428969359331
강서구,20,37.15512465373961,20.62154696132597,0.03282554945054945,0.022076373626373626,0.41667582417582416,0.002937883008356546
강서구,21,36.49584487534626,20.903581267217632,0.029965659340659343,0.023100824175824174,0.4201098901098901,0.002928932584269663
강서구,22,36.37292817679558,20.297520661157026,0.028687087912087912,0.022649175824175825,0.41651098901098904,0.002910306406685237
강서구,23,35.62154696132597,20.154696132596683,0.02740164835164835,0.022428846153846153,0.4147658402203857,0.0029075
관악구,0,28.652459016393443,18.029508196721313,0.026410393258426968,0.02105266106442577,0.4200560224089636,0.0024588732394366197
관악구,1,29.104234527687296,18.09771986970684,0.026181179775280897,0.019859663865546218,0.4108963585434174,0.0024436619718309857
관악구,2,27.045751633986928,16.941368078175895,0.025925915492957745,0.01871344537815126,0.3998879551820728,0.0024228169014084504
관악구,3,27.415841584158414,16.914754098360657,0.025632394366197186,0.01775910364145658,0.38579831932773107,0.002404225352112676
관악구,4,25.712418300653596,16.322475570032573,0.024987042253521125,0.017430252100840336,0.3764985994397759,0.002368450704225352
관악구,5,26.130718954248366,16.478827361563518,0.024078591549295775,0.01749299719887955,0.36946778711484596,0.002352957746478873
관악구,6,25.08823529411765,15.905228758169935,0.021291267605633803,0.0200296918767507,0.3770588235294118,0.0023470422535211265
관악구,7,26.313725490196077,16.498371335504885,0.01858507042253521,0.023535014005602237,0.4046498599439776,0.0023656338028169013
관악구,8,25.630718954248366,15.644951140065146,0.01935492957746479,0.024668347338935574,0.4257865168539326,0.0024340845070422537
관악구,9,27.094462540716613,16.267100977198698,0.023091830985915492,0.023193837535014007,0.4214044943820225,0.002506760563380282
관악구,10,26.859016393442623,15.60655737704918,0.028078977272727276,0.020506232294617562,0.401614730878187,0.0025706552706552706
관악구,11,28.618729096989966,16.51839464882943,0.03317026239067055,0.01853072463768116,0.3821449275362319,0.0025830903790087464
관악구,12,27.91919191919192,16.15824915824916,0.03845865102639296,0.016427272727272728,0.36266862170087977,0.002596153846153846
관악구,13,28.135593220338983,16.806122448979593,0.042732944606414,0.014631104651162791,0.34718023255813957,0.0025453216374269005
관악구,14,27.804794520547944,16.122448979591837,0.04593527696793003,0.013743440233236153,0.3385131195335277,0.002561876832844575
관악구,15,28.156996587030715,16.45762711864407,0.047787931034482756,0.013379369627507163,0.32997134670487105,0.0025315028901734104
관악구,16,27.355704697986578,16.347826086956523,0.048173428571428575,0.013618803418803418,0.3281196581196581,0.002528939828080229
관악구,17,29.231543624161073,17.233333333333334,0.04669971428571428,0.014776923076923076,0.3320797720797721,0.00251919770773639
관악구,18,28.718032786885246,17.65016501650165,0.042691292134831464,0.01746498599439776,0.3568627450980392,0.0025208450704225353
관악구,19,31.46843853820598,19.36241610738255,0.03729718309859155,0.02019439775910364,0.4024649859943978,0.002530985915492958
관악구,20,32.261744966442954,20.54513888888889,0.032910955056179775,0.022172829131652663,0.43162921348314603,0.0025343661971830985
관악구,21,33.488524590163934,21.914383561643834,0.030085955056179774,0.02254761904761905,0.4396358543417367,0.0024940845070422534
관악구,22,31.15359477124183,20.168316831683168,0.028380337078651688,0.022180392156862745,0.43551820728291313,0.002484788732394366
관악구,23,30.38562091503268,19.498360655737706,0.027117746478873238,0.021818207282913168,0.4300280112044818,0.002484463276836158
광진구,0,31.024861878453038,18.52341597796143,0.03140193370165746,0.018960714285714286,0.4937637362637362,0.002883656509695291
광진구,1,30.705234159779614,18.569060773480665,0.030323140495867772,0.018018956043956046,0.48868131868131864,0.002828611111111111
광진구,2,29.7707182320442,18.038567493112946,0.029707438016528923,0.016917582417582417,0.48255494505494506,0.0027944444444444444
광진구,3,29.865013774104682,18.297520661157026,0.028911570247933883,0.01641208791208791,0.47854395604395605,0.0027669444444444443
광진구,4,29.096685082872927,17.92265193370166,0.02805867768595041,0.016177747252747253,0.4739285714285714,0.002745833333333333
광진구,5,29.14876033057851,17.975206611570247,0.027320385674931127,0.015827472527472526,0.47596153846153844,0.002724166666666667
광진구,6,28.607734806629836,17.748618784530386,0.02476611570247934,0.017703571428571426,0.4825,0.0027192200557103062
광진구,7,29.181818181818183,17.922437673130194,0.021953443526170797,0.020676373626373628,0.4914010989010989,0.002743175487465181
광진구,8,28.68044077134986,17.18457300275482,0.02217134986225895,0.021839835164835165,0.5005219780219781,0.0027905292479108636
광진구,9,29.135359116022098,16.93388429752066,0.025726997245179066,0.020821153846153847,0.5067032967032967,0.0028473537604456825
광진구,10,29.781767955801104,16.765840220385677,0.031136187845303868,0.01902445054945055,0.49725274725274726,0.0028997214484679664
광진구,11,31.428571428571427,17.77591036414566,0.03700497237569061,0.01732479338842975,0.4822314049586777,0.002918435754189944
광진구,12,31.406779661016948,17.443181818181817,0.04373884057971014,0.014981739130434784,0.45385507246376816,0.0029111436950146627
광진구,13,31.797720797720796,18.087078651685392,0.04948117647058823,0.013421764705882352,0.43350000000000005,0.002898813056379822
광진구,14,31.288184438040346,17.659025787965614,0.05264447592067989,0.012912215909090908,0.42480113636363637,0.0029128939828080226
광진구,15,31.768571428571427,18.02849002849003,0.05467883008356546,0.01255041782729805,0.41298050139275766,0.002896067415730337
광진구,16,31.688760806916427,17.724928366762178,0.05496657381615599,0.012710893854748604,0.4101117318435754,0.0028797183098591547
광진구,17,32.21529745042493,18.348441926345608,0.05332286501377411,0.013737190082644629,0.413168044077135,0.0028875000000000003
광진구,18,31.457063711911356,18.013850415512465,0.049837912087912085,0.01572225274725275,0.4282142857142857,0.0028900277008310246
광진구,19,32.066481994459835,18.654696132596683,0.04483543956043956,0.017950274725274724,0.45282967032967036,0.002910249307479224
광진구,20,31.54696132596685,18.628099173553718,0.04084065934065934,0.018804670329670328,0.46925824175824177,0.0029354570637119114
광진구,21,31.638121546961326,18.90633608815427,0.037609340659340657,0.019203296703296704,0.4847527472527472,0.002951523545706371
광진구,22,30.870165745856355,18.40220385674931,0.03477692307692307,0.0197228021978022,0.4956043956043956,0.0029362880886426596
광진구,23,31.57734806629834,19.038567493112946,0.03231404958677686,0.02009917582417582,0.5019505494505495,0.002907202216066482
구로구,0,35.94632768361582,21.643454038997213,0.027127348066298344,0.017502197802197802,0.37032967032967035,0.002551373626373626
구로구,1,35.3371757925072,21.85595567867036,0.026604986149584488,0.016711813186813185,0.36870879120879124,0.0025175824175824174
구로구,2,34.32960893854749,20.917355371900825,0.02664613259668508,0.01563131868131868,0.3632967032967033,0.0024890109890109893
구로구,3,33.5606936416185,20.917127071823206,0.026006629834254145,0.01520934065934066,0.3579945054945055,0.0024714285714285715
구로구,4,32.93142857142857,20.872222222222224,0.025587016574585633,0.014799175824175824,0.3513736263736264,0.002439285714285714
구로구,5,32.5948275862069,20.758333333333333,0.024087292817679556,0.015436263736263736,0.34895604395604396,0.0024302197802197802
구로구,6,33.04545454545455,20.892265193370164,0.021396685082872926,0.017535439560439563,0.3549450549450549,0.0024354395604395604
구로구,7,33.5014245014245,21.22222222222222,0.019321944444444444,0.0196010989010989,0.367032967032967,0.0024755494505494507
구로구,8,34.97428571428571,21.295580110497237,0.019253462603878117,0.0205010989010989,0.3827197802197802,0.002543406593406593
구로구,9,36.48843930635838,21.728045325779036,0.02256806722689076,0.019146666666666666,0.38797222222222216,0.0026125
구로구,10,38.13157894736842,21.426934097421203,0.027335158501440925,0.017274498567335244,0.3753581661891118,0.0026684813753581663
구로구,11,39.14697406340058,21.838526912181305,0.03241585014409222,0.015535530085959886,0.3581375358166189,0.002676790830945559
구로구,12,37.54970760233918,21.301724137931036,0.03803371428571429,0.01334375,0.33480113636363634,0.0026525568181818182
구로구,13,37.096774193548384,20.786931818181817,0.0429458452722063,0.011585754985754987,0.3219602272727273,0.002618465909090909
구로구,14,36.67621776504298,20.133522727272727,0.04647514285714286,0.010767521367521368,0.31375,0.0026102272727272727
구로구,15,37.642651296829975,19.97142857142857,0.048200566572237966,0.010428611898016997,0.30627118644067797,0.0026005649717514125
구로구,16,36.94571428571429,19.823863636363637,0.04860965909090909,0.010540112994350282,0.30398305084745764,0.002606779661016949
구로구,17,37.09798270893372,19.910112359550563,0.04734858757062147,0.011399438202247193,0.3053651685393259,0.0026033707865168536
구로구,18,36.09604519774011,19.719444444444445,0.04319944134078212,0.01350361111111111,0.31575000000000003,0.0026016666666666666
구로구,19,35.16011235955056,19.567039106145252,0.038074585635359114,0.015834065934065934,0.3312087912087912,0.0026027472527472527
구로구,20,35.55492957746479,20.2292817679558,0.034248342541436466,0.017059890109890112,0.34552197802197804,0.002604395604395604
구로구,21,36.03089887640449,21.146005509641874,0.031550138504155126,0.017844505494505496,0.35956043956043954,0.0026162087912087913
구로구,22,36.28285714285714,21.562326869806093,0.029698614958448753,0.017817032967032968,0.36494505494505497,0.00258489010989011
구로구,23,35.95454545454545,21.6,0.028246408839779004,0.017626923076923078,0.36813186813186816,0.002570879120879121
금천구,0,31.515432098765434,19.211656441717793,0.024376829268292682,0.021317378048780488,0.38439024390243903,0.0026232415902140674
금천구,1,31.69753086419753,19.412307692307692,0.02398109756097561,0.02006951219512195,0.378348623853211,0.002594189602446483
금천구,2,30.287037037037038,18.895705521472394,0.023917987804878048,0.018470731707317074,0.37356707317073173,0.002566463414634146
금천구,3,30.36,19.403076923076924,0.02365640243902439,0.017351524390243903,0.3614329268292683,0.002551524390243902
금천구,4,29.326153846153847,18.749235474006117,0.022796951219512196,0.017140243902439026,0.3552439024390244,0.002503658536585366
금천구,5,29.74153846153846,19.232415902140673,0.021272171253822632,0.01824268292682927,0.44073015873015875,0.002512804878048781
금천구,6,29.787037037037038,18.834862385321102,0.01864617737003058,0.021089024390243905,0.4906410256410257,0.002508231707317073
금천구,7,30.688271604938272,19.84567901234568,0.016449847094801223,0.02435701219512195,0.4631692307692308,0.002543292682926829
금천구,8,31.544303797468356,20.36277602523659,0.01739388379204893,0.024965548780487807,0.4429573170731707,0.0026018292682926827
금천구,9,34.1577287066246,22.104100946372238,0.0220359756097561,0.023028353658536584,0.4344207317073171,0.0026951219512195124
금천구,10,35.16614420062696,21.757763975155278,0.027816564417177912,0.020191411042944786,0.41403076923076926,0.0027935582822085888
금천구,11,35.728155339805824,22.41214057507987,0.034294704049844235,0.017377329192546587,0.38246875,0.0028552795031055902
금천구,12,33.093548387096774,21.14968152866242,0.03992672955974843,0.015370754716981133,0.36764150943396223,0.002842138364779874
금천구,13,32.503311258278146,20.983766233766232,0.044666875,0.013652351097178684,0.3522012578616352,0.002842452830188679
금천구,14,31.661016949152543,19.78688524590164,0.04796782334384858,0.012751582278481012,0.34793650793650793,0.0028718354430379745
금천구,15,31.810996563573884,19.58823529411765,0.04958126984126984,0.012724683544303797,0.3410126582278481,0.0028724683544303796
금천구,16,30.09090909090909,17.15434083601286,0.049803492063492064,0.013140634920634922,0.34190476190476193,0.0028923809523809523
금천구,17,30.92628205128205,17.003184713375795,0.047888437500000006,0.0146353125,0.310875,0.00289375
금천구,18,30.82484076433121,16.57097791798107,0.04345749235474006,0.01689235474006116,0.3201223241590214,0.002890519877675841
금천구,19,31.19375,17.59076923076923,0.03773058103975535,0.019631804281345564,0.3414984709480122,0.0028452599388379203
금천구,20,31.13888888888889,17.495384615384616,0.033705198776758406,0.0210434250764526,0.35905198776758407,0.002785321100917431
금천구,21,31.25386996904025,18.246913580246915,0.030111926605504588,0.021885321100917433,0.3683792048929663,0.002728440366972477
금천구,22,30.682098765432098,17.947692307692307,0.0277348623853211,0.021851376146788993,0.37972477064220184,0.002665137614678899
금천구,23,31.84259259259259,19.427692307692308,0.025785932721712538,0.0218131498470948,0.38382262996941896,0.0026379204892966364
노원구,0,33.02770083102493,18.64245810055866,0.026609890109890108,0.020087362637362636,0.42744505494505497,0.0024201101928374652
노원구,1,33.06371191135734,19.73463687150838,0.026030494505494505,0.018752472527472527,0.41766483516483516,0.0024046831955922866
노원구,2,32.049723756906076,18.737430167597765,0.025417857142857145,0.017685714285714284,0.41222527472527476,0.0023732782369146007
노원구,3,32.257617728531855,19.187150837988828,0.025213736263736262,0.016761813186813187,0.400467032967033,0.0023336088154269972
노원구,4,31.192737430167597,18.14887640449438,0.02426565934065934,0.01655521978021978,0.3969230769230769,0.0023176308539944904
노원구,5,31.606145251396647,18.963483146067414,0.022553296703296706,0.017353846153846154,0.3980769230769231,0.002307162534435262
노원구,6,30.969444444444445,18.162464985994397,0.019829395604395606,0.01967087912087912,0.4081593406593406,0.002306611570247934
노원구,7,32.251381215469614,19.22752808988764,0.01799532967032967,0.0221489010989011,0.4273076923076923,0.0023330578512396694
노원구,8,31.314917127071823,17.43854748603352,0.018970054945054944,0.02296318681318681,0.44096153846153846,0.0023988980716253445
노원구,9,32.27624309392265,18.134078212290504,0.02260274725274725,0.02166510989010989,0.44035714285714284,0.002452486187845304
노원구,10,32.21270718232044,17.606145251396647,0.02814532967032967,0.01909203296703297,0.41420329670329675,0.0024892265193370167
노원구,11,34.27777777777778,19.15921787709497,0.03398787878787879,0.016635537190082646,0.3785123966942149,0.002501939058171745
노원구,12,33.89295774647887,18.849431818181817,0.039835555555555555,0.014524722222222224,0.3530277777777778,0.0024857938718662953
노원구,13,34.444759206798864,19.54985754985755,0.04422556179775281,0.013460955056179775,0.34497191011235956,0.002477183098591549
노원구,14,33.98290598290598,18.74715909090909,0.047624715909090905,0.012610511363636364,0.33244318181818183,0.0024542857142857144
노원구,15,34.06976744186046,18.686781609195403,0.04978908045977011,0.011805202312138729,0.318121387283237,0.0024192419825072886
노원구,16,33.65689149560117,17.342028985507245,0.0501536231884058,0.011772303206997084,0.31265306122448977,0.002413411078717201
노원구,17,33.73352435530086,17.885057471264368,0.048860171919770774,0.012772492836676218,0.3161031518624642,0.0023959770114942527
노원구,18,33.32203389830509,17.239436619718308,0.04522590529247911,0.015135376044568246,0.3428690807799443,0.002407282913165266
노원구,19,34.65,18.65546218487395,0.03951074380165289,0.018183471074380165,0.3879063360881543,0.002456353591160221
노원구,20,34.00276243093923,18.318435754189945,0.03489752747252747,0.01987032967032967,0.4157142857142857,0.0024796143250688705
노원구,21,34.42817679558011,19.461971830985917,0.03183351648351648,0.02056868131868132,0.42439560439560436,0.002478512396694215
노원구,22,33.328729281767956,18.532212885154063,0.02928104395604396,0.021202472527472527,0.43414835164835164,0.00248099173553719
노원구,23,33.80386740331492,19.527932960893853,0.02776565934065934,0.020687362637362636,0.42750000000000005,0.002446556473829201
도봉구,0,28.397759103641455,15.801749271137027,0.033104958677685946,0.014771349862258953,0.4255371900826446,0.002777094972067039
도봉구,1,29.584958217270195,16.31286549707602,0.031618732782369145,0.0144732782369146,0.4257300275482093,0.002757422969187675
도봉구,2,27.59556786703601,15.583090379008746,0.030409366391184574,0.01379449035812672,0.42168044077134986,0.0027324929971988795
도봉구,3,27.345303867403317,15.536656891495602,0.028994490358126724,0.013574380165289257,0.4194765840220386,0.0026980392156862746
도봉구,4,27.022038567493112,15.285294117647059,0.028198071625344354,0.013160330578512396,0.41504132231404955,0.0026753501400560223
도봉구,5,26.87845303867403,15.413489736070382,0.02654104683195592,0.013724517906336088,0.4182644628099174,0.0026596638655462185
도봉구,6,27.348189415041784,15.837278106508876,0.024211845730027548,0.015353443526170798,0.4330578512396694,0.002661624649859944
도봉구,7,27.662952646239553,15.830409356725147,0.021479063360881543,0.017954545454545456,0.452534435261708,0.00267703081232493
도봉구,8,28.4,16.392330383480825,0.02118374655647383,0.019534159779614327,0.4719834710743802,0.002722128851540616
도봉구,9,30.308539944903583,17.24926686217009,0.024450964187327826,0.019038842975206614,0.4825895316804408,0.0027955182072829134
도봉구,10,31.47486033519553,17.6875,0.029857777777777775,0.017229166666666667,0.46580555555555553,0.002857627118644068
도봉구,11,31.885057471264368,16.89156626506024,0.03631235955056179,0.014790168539325842,0.4298028169014085,0.0028886039886039886
도봉구,12,31.04385964912281,16.125766871165645,0.04221656976744186,0.01259011627906977,0.4024781341107872,0.002902064896755162
도봉구,13,31.023054755043226,16.06006006006006,0.046672413793103454,0.011341091954022988,0.3924425287356322,0.0028897959183673467
도봉구,14,30.807365439093484,15.736686390532544,0.05018538681948424,0.010158452722063038,0.3762750716332378,0.0028729651162790696
도봉구,15,30.289693593314762,15.058823529411764,0.0525188202247191,0.009288202247191011,0.3611516853932584,0.0028566951566951567
도봉구,16,30.15536723163842,14.789940828402367,0.05304512534818941,0.009177437325905292,0.354958217270195,0.002845352112676056
도봉구,17,29.853521126760562,14.803571428571429,0.052053631284916205,0.009913966480446927,0.35740223463687154,0.002851129943502825
도봉구,18,29.369444444444444,14.321637426900585,0.0488475138121547,0.011297513812154695,0.3695303867403315,0.0028411764705882354
도봉구,19,28.52354570637119,14.623906705539358,0.04516611570247934,0.012339669421487605,0.384931129476584,0.0028329608938547487
도봉구,20,28.944289693593316,15.02046783625731,0.04178397790055249,0.013189807162534433,0.3971349862258953,0.002825418994413408
도봉구,21,28.808333333333334,15.694767441860465,0.03941906077348066,0.0136801652892562,0.40771349862258954,0.002817597765363128
도봉구,22,28.83656509695291,15.912536443148689,0.036794765840220386,0.014549311294765839,0.4171349862258953,0.002796368715083799
도봉구,23,28.72853185595568,16.12316715542522,0.03420193370165746,0.015389807162534436,0.42443526170798895,0.0027804469273743017
동대문구,0,33.11602209944751,18.668508287292816,0.027032417582417582,0.020789285714285715,0.4200824175824176,0.0024445054945054947
동대문구,1,33.43490304709141,18.906077348066297,0.026067857142857143,0.020279395604395605,0.4173076923076923,0.0024362637362637363
동대문구,2,32.59668508287293,18.560773480662984,0.02585013774104683,0.019049999999999997,0.4082142857142857,0.0024203296703296704
동대문구,3,32.610497237569064,18.84254143646409,0.02507362637362637,0.01836565934065934,0.4015384615384615,0.0023777472527472527
동대문구,4,31.58839779005525,18.204419889502763,0.024496978021978023,0.017666483516483516,0.38815934065934066,0.002343131868131868
동대문구,5,31.7292817679558,18.61049723756906,0.023284065934065935,0.017877197802197802,0.38184065934065936,0.002307142857142857
동대문구,6,31.433701657458563,18.3121546961326,0.020859065934065932,0.01976126373626374,0.3898626373626374,0.002312362637362637
동대문구,7,32.038781163434905,18.53867403314917,0.018918131868131866,0.022023076923076926,0.4012637362637363,0.002320054945054945
동대문구,8,31.634349030470915,17.549723756906076,0.01904478021978022,0.023216483516483515,0.4189010989010989,0.0023865384615384616
동대문구,9,32.850828729281766,17.81767955801105,0.02212252747252747,0.022232967032967035,0.42445054945054944,0.0024782967032967035
동대문구,10,34.68421052631579,17.69252077562327,0.027043801652892562,0.020242148760330578,0.4120385674931129,0.0025482093663911844
동대문구,11,36.53760445682451,18.941504178272982,0.03253157894736842,0.01809584487534626,0.3895013850415513,0.002578670360110803
동대문구,12,36.30594900849859,18.651558073654392,0.03776591549295775,0.016087042253521127,0.3702535211267606,0.0026101408450704224
동대문구,13,36.47159090909091,19.439093484419264,0.04255,0.014463483146067416,0.3537359550561798,0.0026002808988764043
동대문구,14,35.49295774647887,18.73728813559322,0.04594033613445378,0.013124157303370788,0.33519662921348314,0.002591011235955056
동대문구,15,35.18857142857143,18.742857142857144,0.04803531073446328,0.01247960339943343,0.32470254957507083,0.0025917847025495747
동대문구,16,34.447976878612714,18.514450867052023,0.04833768115942029,0.012802318840579712,0.3231304347826087,0.002575652173913043
동대문구,17,34.47550432276657,19.04310344827586,0.04736512968299712,0.013664739884393063,0.32673410404624276,0.002551156069364162
동대문구,18,33.579387186629525,18.119777158774372,0.044270165745856356,0.01522707182320442,0.34099447513812153,0.002547790055248619
동대문구,19,34.29834254143646,18.73204419889503,0.03971071428571429,0.017340659340659342,0.36857142857142855,0.002528296703296703
동대문구,20,34.05801104972376,19.074585635359117,0.03563543956043956,0.018880494505494505,0.3902472527472528,0.002513186813186813
동대문구,21,34.19113573407202,19.53867403314917,0.032385164835164834,0.019783516483516485,0.4076373626373626,0.0025104395604395604
동대문구,22,33.51381215469613,19.044198895027623,0.030405494505494506,0.020257417582417583,0.41848901098901103,0.0024804945054945054
동대문구,23,34.15469613259668,19.447513812154696,0.028503296703296703,0.02072802197802198,0.4235989010989011,0.0024837912087912087
동작구,0,32.08839779005525,18.443526170798897,0.027410192837465562,0.0215739010989011,0.3986813186813187,0.002333977900552486
동작구,1,32.7617728531856,19.886740331491712,0.02653884297520661,0.02092445054945055,0.3976923076923077,0.002303867403314917
동작구,2,31.647222222222222,18.49171270718232,0.025946005509641875,0.019840934065934065,0.38956043956043956,0.0022930939226519335
동작구,3,31.641666666666666,19.060941828254848,0.025541873278236912,0.018776923076923076,0.3804395604395604,0.0022756906077348064
동작구,4,30.863888888888887,17.95303867403315,0.024953168044077136,0.018493956043956043,0.3755494505494505,0.0022298342541436466
동작구,5,30.916201117318437,18.78393351800554,0.024268595041322314,0.018296153846153844,0.3726098901098901,0.0022349862258953168
동작구,6,30.73259052924791,17.958448753462605,0.021961707988980717,0.019971153846153847,0.3806043956043956,0.002228650137741047
동작구,7,31.905555555555555,18.82825484764543,0.0187732782369146,0.02386456043956044,0.4039835164835165,0.0022694214876033056
동작구,8,31.73611111111111,17.99171270718232,0.01931542699724518,0.025117857142857147,0.4256868131868132,0.0023663911845730025
동작구,9,32.83844011142061,18.736842105263158,0.023573204419889502,0.0231168044077135,0.424931129476584,0.0024422651933701657
동작구,10,33.66480446927374,18.282548476454295,0.029014088397790055,0.019965840220385677,0.39980716253443527,0.0025052486187845304
동작구,11,35.33618233618234,19.65730337078652,0.034596089385474864,0.017673537604456824,0.37529247910863506,0.002537150837988827
동작구,12,34.331428571428575,18.50980392156863,0.040184225352112676,0.015610674157303371,0.3541573033707865,0.0025247191011235955
동작구,13,34.344729344729345,18.966480446927374,0.04523220338983051,0.01383370786516854,0.33570224719101127,0.002512078651685393
동작구,14,33.48554913294798,17.54131054131054,0.04901604584527221,0.01261057142857143,0.32202857142857144,0.0024914285714285715
동작구,15,33.8187134502924,17.988603988603987,0.050421676300578026,0.012314739884393064,0.31390173410404626,0.002488728323699422
동작구,16,32.62931034482759,16.759206798866856,0.05100738636363636,0.012376704545454547,0.31125,0.0024962962962962964
동작구,17,32.787535410764875,17.873595505617978,0.049806162464985995,0.013445938375350141,0.3153501400560224,0.00246
동작구,18,32.37119113573407,17.138121546961326,0.04591515151515152,0.015841483516483516,0.3310164835164835,0.002440331491712707
동작구,19,32.72853185595568,18.498614958448755,0.0407801652892562,0.018537637362637364,0.3551373626373627,0.002437465564738292
동작구,20,32.335180055401665,17.90082644628099,0.03592038567493113,0.020605219780219782,0.3775,0.002400275482093664
동작구,21,32.889502762430936,19.03030303030303,0.03263305785123967,0.021460714285714284,0.39054945054945056,0.0023734806629834254
동작구,22,32.18232044198895,18.305785123966942,0.030713223140495866,0.02143956043956044,0.39884615384615385,0.0023602209944751378
동작구,23,32.65469613259668,19.261707988980717,0.028757575757575756,0.02161978021978022,0.3999725274725275,0.0023607734806629834
마포구,0,30.23204419889503,18.49171270718232,0.02828846153846154,0.021298901098901098,0.40741758241758247,0.0025315934065934065
마포구,1,30.407202216066484,19.052486187845304,0.0276239010989011,0.020604395604395604,0.40758241758241764,0.002528021978021978
마포구,2,29.449035812672175,18.228650137741045,0.02715,0.01968379120879121,0.4010714285714286,0.0025032967032967033
마포구,3,29.325966850828728,18.81267217630854,0.02700879120879121,0.018495604395604395,0.3894230769230769,0.002476373626373626
마포구,4,28.381615598885794,17.955801104972377,0.026633516483516483,0.017817032967032968,0.37835164835164836,0.0024263736263736265
마포구,5,28.930939226519335,18.58677685950413,0.025375549450549453,0.018214560439560438,0.37543956043956045,0.0024005494505494507
마포구,6,28.2292817679558,17.975138121546962,0.022213186813186812,0.020522802197802198,0.38236263736263737,0.0024008241758241757
마포구,7,29.193905817174514,18.632596685082873,0.019819505494505493,0.02321510989010989,0.3925274725274725,0.0024282967032967034
마포구,8,29.354570637119114,17.715469613259668,0.020333516483516483,0.024355769230769233,0.41021978021978023,0.0025126373626373627
마포구,9,32.09470752089136,18.79281767955801,0.02369447513812155,0.02330413223140496,0.4212396694214876,0.002600276243093923
마포구,10,34.21787709497207,19.58888888888889,0.02890858725761773,0.02111574585635359,0.40698895027624316,0.0027055555555555557
마포구,11,37.07843137254902,21.467422096317282,0.03514902506963788,0.018735555555555554,0.38480555555555557,0.0027593314763231197
마포구,12,36.061281337047355,20.21629213483146,0.041280833333333336,0.016820833333333333,0.3625,0.002766666666666667
마포구,13,35.40449438202247,20.473239436619718,0.04620473537604457,0.015371111111111111,0.3473333333333333,0.002766111111111111
마포구,14,33.98587570621469,19.161931818181817,0.04937787114845939,0.014363966480446926,0.3365921787709497,0.002753072625698324
마포구,15,34.39660056657224,19.71549295774648,0.05106760563380282,0.014072752808988764,0.32873595505617975,0.0027450704225352113
마포구,16,32.97922848664688,18.54705882352941,0.05161176470588235,0.01443392330383481,0.3246902654867257,0.002748224852071006
마포구,17,32.674698795180724,18.884615384615383,0.04952566371681416,0.015399109792284866,0.3259347181008902,0.0027139880952380953
마포구,18,30.873563218390803,18.0,0.04494723756906078,0.017932222222222224,0.3456111111111111,0.0026808333333333332
마포구,19,30.847887323943663,18.723463687150836,0.0393478021978022,0.020247252747252746,0.3689010989010989,0.002671153846153846
마포구,20,30.044077134986225,17.99171270718232,0.03488983516483516,0.021881593406593406,0.3882417582417582,0.0026324175824175822
마포구,21,32.14088397790055,19.696132596685082,0.03194010989010989,0.022465384615384616,0.4051098901098901,0.0026203296703296705
마포구,22,31.955801104972377,19.79501385041551,0.030278846153846153,0.022289010989010993,0.4073901098901099,0.0025739010989010986
마포구,23,31.653739612188367,19.46831955922865,0.029088736263736266,0.02188379120879121,0.4078846153846154,0.0025392857142857144
서대문구,0,28.02,17.337950138504155,0.028614049586776862,0.015693112947658402,0.5555153203342619,0.0035776203966005663
서대문구,1,27.08,17.418282548476455,0.028508815426997246,0.014562809917355372,0.5555124653739612,0.0035592067988668556
서대문구,2,27.064425770308123,17.069444444444443,0.028300550964187328,0.013533608815426998,0.5553481894150418,0.0036028409090909093
서대문구,3,26.155807365439095,16.591666666666665,0.027878787878787878,0.013026997245179063,0.54725,0.003625071225071225
서대문구,4,25.655270655270655,16.477777777777778,0.027247658402203858,0.012907438016528924,0.5414722222222222,0.0036886039886039885
서대문구,5,25.661971830985916,16.405555555555555,0.026030853994490358,0.013436639118457301,0.5378055555555556,0.0037142450142450146
서대문구,6,25.758522727272727,16.46132596685083,0.02360826446280992,0.015539669421487604,0.5427222222222222,0.003724216524216524
서대문구,7,25.915254237288135,17.091666666666665,0.02151404958677686,0.017995041322314047,0.552382271468144,0.0036997150997150996
서대문구,8,27.144886363636363,17.05,0.023092561983471073,0.018187327823691462,0.55601108033241,0.003651988636363637
서대문구,9,28.453521126760563,17.65193370165746,0.026603030303030305,0.01749641873278237,0.5484764542936288,0.0036039886039886037
서대문구,10,30.115819209039547,18.10335195530726,0.03167257617728532,0.016018005540166205,0.5154874651810585,0.003453868194842407
서대문구,11,30.687323943661973,17.46388888888889,0.03668333333333333,0.01487617728531856,0.47652777777777783,0.0032326647564469915
서대문구,12,30.473087818696882,16.877094972067038,0.042053631284916196,0.01321927374301676,0.4455742296918767,0.003147277936962751
서대문구,13,30.228323699421967,16.870786516853933,0.04668487394957983,0.012024157303370786,0.42504225352112673,0.0030757925072046107
서대문구,14,30.82492581602374,16.858381502890172,0.05004885057471265,0.01107816091954023,0.40801152737752167,0.003063126843657817
서대문구,15,30.705539358600582,16.111747851002864,0.05199794721407625,0.010453529411764705,0.3960294117647059,0.003058787878787879
서대문구,16,30.853025936599423,16.070422535211268,0.051906,0.010981714285714286,0.39225714285714286,0.0030620588235294116
서대문구,17,29.963276836158194,15.854748603351956,0.050234261838440104,0.011889693593314762,0.3930640668523677,0.0030681948424068767
서대문구,18,29.207865168539325,15.696132596685082,0.0459817679558011,0.013666850828729283,0.42146408839779004,0.0032133903133903133
서대문구,19,28.73876404494382,15.991712707182321,0.04067493112947659,0.015185674931129477,0.46482093663911844,0.0034505714285714287
서대문구,20,28.531073446327685,16.581717451523545,0.036365013774104685,0.016342148760330577,0.49336111111111114,0.0035802857142857147
서대문구,21,28.50284090909091,17.202216066481995,0.03343977900552486,0.016549586776859505,0.5198050139275766,0.0037011396011396008
서대문구,22,28.418539325842698,17.403314917127073,0.03159335180055402,0.016390055248618786,0.5350974930362117,0.0036485795454545456
서대문구,23,28.16338028169014,17.479224376731302,0.02992176308539945,0.01609504132231405,0.5456388888888889,0.003597159090909091
서초구,0,33.87257617728532,19.45303867403315,0.02858732782369146,0.016580219780219778,0.39697802197802196,0.002464835164835165
서초구,1,33.50276243093923,19.77961432506887,0.02760745856353591,0.016194505494505494,0.39642857142857146,0.002450824175824176
서초구,2,32.422222222222224,19.041322314049587,0.02686878453038674,0.01571153846153846,0.39604395604395604,0.0024274725274725274
서초구,3,31.969444444444445,18.980716253443525,0.026528453038674037,0.01501978021978022,0.38980769230769236,0.0024002747252747252
서초구,4,31.288888888888888,18.624309392265193,0.025885911602209943,0.01465824175824176,0.38222527472527473,0.0023826923076923075
서초구,5,31.303621169916436,18.740331491712706,0.024330386740331493,0.0152489010989011,0.3792032967032967,0.002379395604395604
서초구,6,31.808333333333334,18.522099447513813,0.02165414364640884,0.017438461538461538,0.3795316804407714,0.002383241758241758
서초구,7,32.613259668508285,19.123966942148762,0.01858867403314917,0.020937362637362636,0.39319559228650136,0.002420879120879121
서초구,8,34.187675070028014,19.34806629834254,0.018435082872928176,0.022523626373626374,0.40479338842975204,0.002487087912087912
서초구,9,37.093484419263454,20.087078651685392,0.02138666666666667,0.02177645429362881,0.4114127423822715,0.0025301104972375687
서초구,10,38.82816901408451,20.609550561797754,0.025973949579831936,0.02008100558659218,0.408268156424581,0.0025601671309192203
서초구,11,39.65915492957746,20.55211267605634,0.031537078651685396,0.018156862745098038,0.39593837535014004,0.002584078212290503
서초구,12,39.00281690140845,19.875706214689266,0.037462535211267606,0.016172191011235956,0.3760674157303371,0.0025669467787114847
서초구,13,38.25574712643678,19.33903133903134,0.04306590909090909,0.01405014164305949,0.3630028328611898,0.0025454802259887005
서초구,14,39.26988636363637,18.91168091168091,0.04679827586206896,0.01329657142857143,0.346676217765043,0.0025482857142857143
서초구,15,40.1586402266289,18.81534090909091,0.04845840455840456,0.01301082621082621,0.33945868945868946,0.0025363636363636365
서초구,16,39.38,18.774928774928775,0.04860706214689266,0.013458028169014083,0.337887323943662,0.002535774647887324
서초구,17,37.67897727272727,18.450704225352112,0.04770252808988764,0.013681741573033708,0.33480337078651684,0.0025356741573033708
서초구,18,35.96629213483146,17.89075630252101,0.04479608938547486,0.014522346368715083,0.3423184357541899,0.0025150837988826814
서초구,19,35.35294117647059,18.002770083102494,0.040503324099722994,0.01575303867403315,0.35607734806629837,0.0025215469613259667
서초구,20,34.43055555555556,18.102493074792243,0.03592920110192837,0.01698543956043956,0.3809340659340659,0.0025195054945054947
서초구,21,34.855555555555554,19.074585635359117,0.033386776859504134,0.01710164835164835,0.3844230769230769,0.002515934065934066
서초구,22,34.430939226519335,19.674931129476583,0.031648209366391185,0.01698598901098901,0.39060439560439564,0.0024969780219780222
서초구,23,34.44166666666667,19.785123966942148,0.029738292011019282,0.01696758241758242,0.39634615384615385,0.0024884615384615383
성동구,0,29.005524861878452,17.228650137741045,0.027399999999999997,0.01975934065934066,0.3960989010989011,0.0026244444444444444
성동구,1,29.307909604519775,17.027624309392266,0.026506043956043952,0.019186263736263736,0.39098901098901095,0.002576944444444444
성동구,2,28.21212121212121,16.964088397790054,0.02576620879120879,0.018377747252747254,0.38500000000000006,0.002519166666666667
성동구,3,28.320113314447593,16.950138504155124,0.025331593406593408,0.017427747252747254,0.37403846153846154,0.0024766666666666665
성동구,4,27.308539944903583,16.592286501377412,0.024710164835164836,0.01678044077134986,0.36513736263736263,0.0024230555555555555
성동구,5,27.59776536312849,16.75414364640884,0.023637362637362633,0.016895054945054944,0.3598901098901099,0.0023924999999999997
성동구,6,27.15745856353591,16.738292011019283,0.021596428571428572,0.018400274725274727,0.36153846153846153,0.002375
성동구,7,27.9438202247191,17.077562326869806,0.01896236263736264,0.021416758241758243,0.37164835164835164,0.002412777777777778
성동구,8,27.947658402203857,16.65193370165746,0.01842087912087912,0.023245054945054945,0.38796703296703294,0.002491643454038997
성동구,9,29.952247191011235,17.40277777777778,0.021102472527472528,0.022649175824175825,0.4011813186813187,0.00265933147632312
성동구,10,30.77777777777778,17.590027700831026,0.025634615384615384,0.021097252747252746,0.3991208791208791,0.0028904761904761907
성동구,11,33.23850574712644,18.807365439093484,0.03133426183844011,0.019325626740947077,0.3882729805013928,0.0029818181818181823
성동구,12,32.636103151862464,18.877492877492877,0.03731310541310541,0.01726381766381766,0.36811965811965813,0.002948979591836735
성동구,13,33.37048192771084,18.542028985507248,0.042850287356321834,0.014817630057803469,0.3467919075144508,0.002888461538461538
성동구,14,31.401162790697676,18.256410256410255,0.04544204545454545,0.01457057142857143,0.3308857142857143,0.0028932944606413994
성동구,15,32.21220930232558,18.051724137931036,0.04697094017094017,0.014534472934472936,0.32199430199430196,0.0028944927536231884
성동구,16,30.949295774647887,17.123249299719888,0.04709829545454546,0.015086894586894587,0.32173295454545453,0.002848405797101449
성동구,17,32.04034582132565,17.310924369747898,0.04618055555555556,0.01591782729805014,0.3270277777777778,0.002831728045325779
성동구,18,30.715469613259668,16.955555555555556,0.04375386740331492,0.01723756906077348,0.3414285714285714,0.0027980392156862744
성동구,19,30.792717086834735,17.31111111111111,0.039674175824175824,0.018412087912087913,0.36126373626373626,0.002809243697478991
성동구,20,29.282548476454295,16.84573002754821,0.035803296703296704,0.019345329670329668,0.3763461538461539,0.0027820728291316527
성동구,21,30.098591549295776,17.112947658402202,0.03264093406593407,0.01986153846153846,0.3893406593406593,0.0027550279329608936
성동구,22,29.019337016574585,16.931129476584022,0.03032307692307692,0.020169505494505496,0.3926648351648352,0.002711173184357542
성동구,23,30.189265536723163,17.488950276243095,0.02866456043956044,0.02019148351648352,0.39645604395604395,0.002662952646239554
성북구,0,28.532212885154063,17.569060773480665,0.02659614325068871,0.018751790633608816,0.5190529247910863,0.003137016574585635
성북구,1,28.39887640449438,17.066481994459835,0.02568953168044077,0.018030027548209367,0.5214044943820225,0.0031196132596685083
성북구,2,27.654390934844194,17.581717451523545,0.02502589531680441,0.0170168044077135,0.5194943820224719,0.0030936464088397787
성북구,3,27.06145251396648,17.024930747922436,0.02469283746556474,0.016079338842975206,0.5088202247191012,0.003064088397790055
성북구,4,26.689265536723163,16.822714681440445,0.023670247933884298,0.015948209366391186,0.501123595505618,0.0030428176795580107
성북구,5,26.971181556195965,16.950138504155124,0.021884297520661157,0.016804683195592286,0.5068258426966292,0.0030292817679558014
성북구,6,27.183098591549296,17.055248618784532,0.019655371900826446,0.0185,0.5122752808988764,0.0030339779005524865
성북구,7,27.635327635327634,17.36288088642659,0.0178465564738292,0.02066115702479339,0.5246348314606741,0.0030729281767955803
성북구,8,28.36056338028169,17.430939226519335,0.0180633608815427,0.021758126721763086,0.5470505617977528,0.0031154696132596684
성북구,9,30.751396648044693,18.182825484764543,0.021054545454545454,0.021496143250688705,0.556376404494382,0.0031779005524861883
성북구,10,32.59103641456583,18.527932960893853,0.0260325,0.019705263157894736,0.5376271186440678,0.0032197222222222223
성북구,11,32.58100558659218,18.381615598885794,0.03157063711911357,0.01766703601108033,0.5031920903954802,0.0032180555555555556
성북구,12,32.467048710601716,17.90340909090909,0.0370774011299435,0.015632485875706214,0.4753448275862069,0.0031971671388101985
성북구,13,31.735632183908045,17.894586894586894,0.042090751445086706,0.01400115273775216,0.45495626822157437,0.003170605187319885
성북구,14,31.74074074074074,17.62,0.045315625,0.013030028328611897,0.4336676217765043,0.003151841359773371
성북구,15,31.037790697674417,16.6189111747851,0.04667988505747126,0.012451142857142857,0.41286127167630055,0.003119142857142857
성북구,16,30.635327635327634,16.54957507082153,0.046990778097982716,0.012502571428571427,0.4058045977011494,0.003112285714285714
성북구,17,30.033519553072626,16.27146814404432,0.0457296918767507,0.013622346368715085,0.40747191011235956,0.003117597765363129
성북구,18,29.801120448179272,16.165289256198346,0.042647237569060775,0.01497382920110193,0.4241944444444445,0.003118508287292818
성북구,19,29.50700280112045,16.68421052631579,0.0377085635359116,0.017007988980716253,0.45827777777777773,0.0031339779005524863
성북구,20,29.6056338028169,17.515235457063714,0.03355068870523416,0.018413498622589532,0.48386111111111113,0.0031477900552486188
성북구,21,29.756983240223462,17.922437673130194,0.031035537190082646,0.01884022038567493,0.5040389972144846,0.0031466850828729283
성북구,22,29.174157303370787,17.906077348066297,0.029253719008264463,0.01896115702479339,0.5132869080779945,0.003125966850828729
성북구,23,29.146067415730336,17.606060606060606,0.02772809917355372,0.019072727272727272,0.5162395543175488,0.003141160220994475
송파구,0,30.9366391184573,17.49862258953168,0.024609065934065935,0.022417032967032968,0.40269230769230774,0.002484958217270195
송파구,1,30.856749311294767,17.682451253481894,0.023939560439560442,0.02140054945054945,0.3962362637362637,0.002455
송파구,2,29.834710743801654,16.94490358126722,0.02363214285714286,0.020237637362637364,0.39170329670329673,0.0024447222222222223
송파구,3,30.005540166204987,17.54189944134078,0.022980494505494508,0.019454945054945053,0.38255494505494503,0.0024405555555555556
송파구,4,28.988980716253444,16.768595041322314,0.022425824175824175,0.018785714285714288,0.37184065934065935,0.0023966759002770083
송파구,5,29.26038781163435,17.506963788300837,0.02110467032967033,0.019039835164835164,0.3685989010989011,0.0023634349030470913
송파구,6,28.345303867403317,16.46005509641873,0.019280494505494503,0.02040796703296703,0.3720879120879121,0.0023637119113573404
송파구,7,29.439226519337016,17.358543417366946,0.016796703296703297,0.023400549450549448,0.3870879120879121,0.0024140883977900552
송파구,8,29.638121546961326,17.215469613259668,0.01680247252747253,0.024904395604395606,0.4045604395604395,0.002476454293628809
송파구,9,32.0672268907563,18.37037037037037,0.020258516483516485,0.023688186813186813,0.4108241758241758,0.002574515235457064
송파구,10,33.169444444444444,18.62116991643454,0.025398626373626377,0.02153543956043956,0.4053021978021978,0.0026603351955307264
송파구,11,34.9512893982808,18.478386167146976,0.030946458923512745,0.01911586402266289,0.38379603399433426,0.0026789625360230545
송파구,12,34.383720930232556,18.18208092485549,0.036937283236994224,0.016540173410404625,0.3604624277456647,0.002674041297935103
송파구,13,34.55102040816327,18.64222873900293,0.0417,0.014870977011494252,0.34479885057471266,0.002633625730994152
송파구,14,33.564841498559076,17.982857142857142,0.04521818181818182,0.01396,0.33477142857142855,0.0026438953488372094
송파구,15,34.44602272727273,18.612244897959183,0.04641685393258427,0.013938655462184873,0.32795518207282914,0.0026378917378917376
송파구,16,33.17847025495751,17.511363636363637,0.04692549019607844,0.014219327731092437,0.32571428571428573,0.0026267045454545454
송파구,17,33.45142857142857,16.89367816091954,0.04579055555555556,0.015121606648199445,0.3265650969529086,0.002589295774647887
송파구,18,31.46961325966851,15.530386740331492,0.04312774725274725,0.016826373626373625,0.3410714285714286,0.002550837988826816
송파구,19,32.18105849582173,17.084745762711865,0.03856263736263736,0.01961565934065934,0.36925824175824173,0.002543854748603352
송파구,20,31.732782369146005,17.134986225895318,0.034080769230769234,0.02136346153846154,0.39153846153846156,0.0025637883008356546
송파구,21,32.56545961002786,18.5933147632312,0.030548626373626372,0.022315384615384615,0.4040934065934066,0.0025203342618384398
송파구,22,31.685082872928177,17.840220385674932,0.028203846153846152,0.022526648351648353,0.40502747252747257,0.0025153203342618384
송파구,23,32.204986149584485,18.11173184357542,0.026180219780219782,0.022659890109890113,0.40217032967032973,0.0025008356545961003
양천구,0,35.43526170798898,20.02754820936639,0.027254143646408838,0.021826373626373626,0.41634615384615387,0.0025395543175487463
양천구,1,36.760330578512395,20.140495867768596,0.02693102493074792,0.02052032967032967,0.40802197802197804,0.0025125348189415043
양천구,2,34.79614325068871,19.87052341597796,0.026533240997229916,0.019520604395604397,0.399945054945055,0.002468802228412256
양천구,3,35.082644628099175,19.730027548209367,0.026381491712707185,0.01861098901098901,0.3907967032967033,0.002451532033426184
양천구,4,33.611570247933884,19.26795580110497,0.025613498622589534,0.018363736263736264,0.3864010989010989,0.0024376044568245126
양천구,5,34.52354570637119,19.479224376731302,0.02448457300275482,0.018607692307692308,0.3868131868131868,0.0024222222222222223
양천구,6,33.6767955801105,19.6,0.02148870523415978,0.021038186813186813,0.39228021978021976,0.0024005555555555555
양천구,7,34.505524861878456,19.225895316804408,0.018525068870523416,0.024491483516483514,0.416978021978022,0.0024658333333333333
양천구,8,32.92837465564738,18.43801652892562,0.018583471074380166,0.025989010989010988,0.444010989010989,0.002533888888888889
양천구,9,34.24033149171271,18.239669421487605,0.02250909090909091,0.02428489010989011,0.4426648351648352,0.002638611111111111
양천구,10,34.56198347107438,18.28374655647383,0.027949862258953167,0.021781043956043956,0.4189807162534435,0.002746111111111111
양천구,11,36.67231638418079,18.985915492957748,0.0337409604519774,0.019436901408450703,0.39585915492957746,0.0027621082621082623
양천구,12,35.43390804597701,18.732193732193732,0.04023180515759312,0.016684330484330486,0.37131054131054136,0.002729971181556196
양천구,13,36.63172804532578,19.3135593220339,0.04545212464589235,0.01459438202247191,0.3513202247191011,0.0027076704545454544
양천구,14,33.73163841807909,18.739376770538243,0.048949435028248584,0.01344691011235955,0.3381741573033708,0.0026558073654390935
양천구,15,34.91329479768786,18.443478260869565,0.05073236994219653,0.013156484149855907,0.33138328530259364,0.002646220930232558
양천구,16,34.372832369942195,18.48843930635838,0.05102023121387283,0.013514080459770114,0.3297126436781609,0.002628197674418605
양천구,17,36.03389830508475,18.793785310734464,0.049207977207977205,0.014635211267605634,0.33340845070422537,0.002607122507122507
양천구,18,35.13019390581717,18.70360110803324,0.04475666666666667,0.01691542699724518,0.35027624309392263,0.0025991643454038997
양천구,19,35.72451790633609,18.801652892561982,0.0390767955801105,0.019804395604395605,0.37387362637362637,0.0025975
양천구,20,34.39944903581267,18.88121546961326,0.03455441988950276,0.021938736263736266,0.39708791208791205,0.002587777777777778
양천구,21,35.80440771349862,19.47382920110193,0.031590055248618784,0.022850274725274726,0.4143956043956044,0.002608611111111111
양천구,22,35.37190082644628,19.881542699724516,0.02986436464088398,0.022640659340659338,0.41703296703296705,0.0025941504178272983
양천구,23,36.85674931129476,20.104683195592287,0.027898342541436465,0.022892307692307694,0.4211538461538462,0.0025724233983286907
영등포구,0,30.62707182320442,19.650137741046834,0.028743406593406594,0.020827197802197803,0.40906593406593406,0.0025415977961432508
영등포구,1,30.445983379501385,19.997229916897506,0.02854423076923077,0.019822252747252748,0.4085164835164835,0.00254435261707989
영등포구,2,29.606060606060606,19.218232044198896,0.028298076923076922,0.01887967032967033,0.4012637362637363,0.002521763085399449
영등포구,3,29.355371900826448,19.421487603305785,0.027630769230769233,0.018295604395604396,0.3907692307692308,0.002514010989010989
영등포구,4,28.524861878453038,19.00828729281768,0.027158791208791208,0.017766758241758242,0.38,0.002487087912087912
영등포구,5,28.679558011049725,19.19060773480663,0.025248076923076925,0.018776373626373626,0.3745730027548209,0.002465934065934066
영등포구,6,28.42265193370166,18.859504132231404,0.021627472527472526,0.02210714285714286,0.3859065934065934,0.002477472527472527
영등포구,7,29.09090909090909,19.322314049586776,0.018135714285714286,0.02613159340659341,0.39722527472527475,0.002515934065934066
영등포구,8,28.593922651933703,18.90082644628099,0.018896153846153844,0.026238186813186817,0.4150824175824176,0.002568131868131868
영등포구,9,29.858725761772853,19.798898071625345,0.022150274725274723,0.024938186813186814,0.42631868131868134,0.002640934065934066
영등포구,10,30.622222222222224,20.429752066115704,0.02709258241758242,0.02316153846153846,0.42201101928374657,0.0027346153846153844
영등포구,11,32.92634560906516,21.913165266106443,0.032568975069252076,0.02112493074792244,0.40570637119113573,0.0027675977653631285
영등포구,12,32.3399433427762,21.394957983193276,0.03889162011173184,0.018528133704735376,0.38100278551532035,0.002776685393258427
영등포구,13,32.57348703170029,21.64406779661017,0.04435637393767705,0.01611774647887324,0.3636619718309859,0.0027116477272727275
영등포구,14,30.97406340057637,20.37215909090909,0.04791101694915254,0.014853107344632768,0.3482485875706215,0.002670655270655271
영등포구,15,31.669642857142858,20.528735632183906,0.050015340909090905,0.014243465909090909,0.3397159090909091,0.0026736389684813753
영등포구,16,31.35820895522388,18.70326409495549,0.05068970588235294,0.014323823529411764,0.3376176470588235,0.002658753709198813
영등포구,17,32.0,18.315634218289084,0.04898488372093023,0.015409593023255815,0.3405232558139535,0.0026120588235294118
영등포구,18,31.4438202247191,17.535211267605632,0.044962430939226514,0.017443922651933702,0.3605801104972376,0.0026122562674094707
영등포구,19,32.44077134986226,18.59556786703601,0.03972032967032967,0.019748351648351647,0.38832417582417583,0.002599171270718232
영등포구,20,31.99724517906336,18.69359331476323,0.03605357142857143,0.02071923076923077,0.4048076923076923,0.0025878116343490305
영등포구,21,32.1243093922652,19.877094972067038,0.0332217032967033,0.02143021978021978,0.41302197802197804,0.002585911602209945
영등포구,22,31.168508287292816,19.65289256198347,0.03142582417582417,0.021275000000000002,0.41093406593406595,0.0025627071823204417
영등포구,23,31.46685082872928,20.336088154269973,0.029713186813186812,0.021203846153846156,0.4109615384615385,0.002555096418732782
용산구,0,31.633802816901408,18.479224376731302,0.023105769230769232,0.02238021978021978,0.4587362637362637,0.0027768595041322316
용산구,1,31.946022727272727,18.386111111111113,0.022384065934065934,0.021793406593406593,0.4551923076923077,0.0027537190082644624
용산구,2,30.25,17.90858725761773,0.021893956043956046,0.020830494505494505,0.44752747252747255,0.0027479338842975203
용산구,3,30.661971830985916,17.798882681564248,0.021453846153846153,0.020047252747252747,0.4352197802197802,0.0026911845730027547
용산구,4,28.94871794871795,17.38888888888889,0.020696703296703298,0.019790934065934067,0.42516483516483516,0.0026757575757575757
용산구,5,29.53125,17.428969359331475,0.019791483516483514,0.019800274725274725,0.4167032967032967,0.0026460055096418733
용산구,6,28.52112676056338,17.24585635359116,0.01817142857142857,0.021247802197802198,0.41535714285714287,0.0026512396694214875
용산구,7,30.28732394366197,17.716666666666665,0.016446428571428574,0.023862362637362636,0.42043956043956043,0.0027134986225895315
용산구,8,31.06179775280899,18.443181818181817,0.016928296703296705,0.024709340659340658,0.43131868131868134,0.0027944903581267216
용산구,9,35.14080459770115,20.149717514124294,0.019428374655647382,0.023770523415977962,0.44490358126721763,0.002900828729281768
용산구,10,36.888888888888886,20.867977528089888,0.023979834254143646,0.021495303867403316,0.43762430939226515,0.00298393351800554
용산구,11,38.56811594202899,21.32758620689655,0.02884832402234637,0.019560335195530725,0.4213128491620112,0.003023728813559322
용산구,12,37.28530259365994,20.74928774928775,0.03407372881355932,0.017247457627118642,0.40008474576271186,0.002998579545454545
용산구,13,36.39067055393586,19.454545454545453,0.03834859550561798,0.015414325842696629,0.38505617977528095,0.0029467605633802818
용산구,14,34.3353115727003,18.155619596541786,0.041095726495726494,0.014712643678160919,0.3714080459770115,0.0029181556195965416
용산구,15,35.332352941176474,18.334302325581394,0.04262885714285714,0.014594236311239192,0.36435158501440923,0.0029130057803468208
용산구,16,33.487031700288185,17.55492957746479,0.04275084269662922,0.015142696629213482,0.37036619718309854,0.0029430594900849857
용산구,17,32.53314121037464,17.011331444759207,0.041899719887955184,0.01570195530726257,0.37358543417366946,0.0028895774647887326
용산구,18,30.91907514450867,16.948863636363637,0.0392207756232687,0.017184764542936288,0.39246537396121883,0.002839385474860335
용산구,19,32.77873563218391,18.20505617977528,0.034765384615384615,0.019574450549450548,0.42417582417582417,0.00283646408839779
용산구,20,32.385714285714286,18.488826815642458,0.030908516483516484,0.021042857142857144,0.45175824175824175,0.0028406593406593407
용산구,21,33.951977401129945,19.562146892655367,0.028336263736263738,0.02154093406593407,0.460989010989011,0.0028066115702479336
용산구,22,32.51685393258427,19.23676880222841,0.026191483516483514,0.021967857142857143,0.4624725274725275,0.002784022038567493
용산구,23,32.79261363636363,18.92222222222222,0.024556868131868134,0.022016758241758243,0.45733516483516484,0.0027848484848484846
은평구,0,29.524861878453038,14.903047091412743,0.02540497237569061,0.013456868131868131,0.4551923076923077,0.002640771349862259
은평구,1,28.730027548209367,14.427777777777777,0.025443093922651934,0.012207142857142856,0.44950549450549454,0.00263168044077135
은평구,2,28.17174515235457,14.800554016620499,0.02509146005509642,0.011482967032967034,0.4463736263736263,0.0026140495867768595
은평구,3,27.85635359116022,14.411111111111111,0.025079338842975207,0.010718956043956044,0.43425824175824174,0.0026013774104683197
은평구,4,27.002762430939228,14.163434903047092,0.02439364640883978,0.010768131868131869,0.43024725274725273,0.0025870523415977963
은평구,5,27.282548476454295,14.205555555555556,0.023661878453038673,0.011109615384615384,0.4348351648351648,0.0025757575757575754
은평구,6,27.611570247933884,14.373961218836564,0.021579063360881542,0.013050274725274726,0.44950549450549454,0.00257603305785124
은평구,7,28.40277777777778,14.588888888888889,0.01929585635359116,0.01598953168044077,0.4758402203856749,0.0026019337016574585
은평구,8,29.850415512465375,15.364902506963789,0.019806906077348065,0.017171349862258954,0.4883746556473829,0.002650828729281768
은평구,9,31.116022099447513,15.590529247910863,0.023332044198895025,0.016460881542699726,0.49057851239669426,0.0027251381215469615
은평구,10,33.14206128133705,16.03641456582633,0.02774150417827298,0.015314999999999999,0.48097222222222225,0.0028106145251396647
은평구,11,34.32311977715877,16.19154929577465,0.03240614525139665,0.013955277777777778,0.4628333333333333,0.0028469273743016756
은평구,12,34.056022408963585,16.187150837988828,0.03673770949720671,0.012934444444444443,0.44913888888888887,0.002875977653631285
은평구,13,34.17796610169491,16.237960339943342,0.04127126760563381,0.011735294117647059,0.4342577030812325,0.002850842696629213
은평구,14,34.79603399433428,16.12893982808023,0.04409085714285715,0.010946306818181819,0.42480113636363637,0.0028455840455840456
은평구,15,34.72676056338028,15.385269121813032,0.04540141643059489,0.010488418079096045,0.41378531073446323,0.0028246458923512747
은평구,16,34.421652421652425,15.526912181303116,0.04581960227272727,0.010772598870056497,0.41285310734463276,0.002903682719546742
은평구,17,33.88418079096045,15.23728813559322,0.04435042735042735,0.011469971671388102,0.41243626062322947,0.0028745042492917846
은평구,18,33.603305785123965,15.56473829201102,0.040334453781512604,0.01315861111111111,0.4293611111111111,0.0028902777777777776
은평구,19,33.12154696132597,15.853591160220995,0.034804155124653735,0.015137362637362636,0.4531593406593406,0.002836263736263736
은평구,20,32.42265193370166,15.958563535911603,0.03098808864265928,0.016067032967032966,0.46343406593406594,0.002787878787878788
은평구,21,31.47382920110193,15.831491712707182,0.02854903047091413,0.015758516483516484,0.4656043956043956,0.0027366391184573003
은평구,22,30.85635359116022,15.630555555555556,0.02719501385041551,0.014987087912087914,0.46065934065934067,0.0026826446280991735
은평구,23,30.068870523415978,15.30110497237569,0.025885872576177284,0.014587362637362638,0.4610164835164835,0.0026644628099173552
종로구,0,31.391666666666666,20.25207756232687,0.02881932773109244,0.021823351648351648,0.43851648351648354,0.00267090395480226
종로구,1,31.75,20.354570637119114,0.027958543417366945,0.021391758241758242,0.432032967032967,0.002647457627118644
종로구,2,30.310924369747898,19.72853185595568,0.02712829131652661,0.02080274725274725,0.42854395604395606,0.0026206214689265535
종로구,3,30.434540389972145,19.939058171745152,0.026438375350140056,0.020151648351648354,0.41766483516483516,0.0025901129943502826
종로구,4,29.354748603351954,19.310249307479225,0.025543417366946777,0.019931318681318682,0.4079395604395605,0.002547457627118644
종로구,5,29.793871866295266,19.775623268698062,0.024534453781512606,0.019814835164835166,0.40151098901098903,0.0025206798866855523
종로구,6,29.247222222222224,19.48753462603878,0.022363025210084035,0.021515384615384617,0.41052197802197804,0.002547308781869688
종로구,7,29.921787709497206,19.75623268698061,0.020564425770308124,0.023509065934065935,0.41835164835164834,0.0025543909348441926
종로구,8,29.420612813370475,18.62049861495845,0.02082016806722689,0.02484148351648352,0.4362087912087912,0.002641643059490085
종로구,9,30.367688022284124,18.71388888888889,0.023678932584269664,0.0242801652892562,0.4491735537190083,0.0027721590909090908
종로구,10,31.058333333333334,18.566666666666666,0.028627887323943665,0.02220192837465565,0.438732782369146,0.002874074074074074
종로구,11,33.59497206703911,20.39275766016713,0.03415225988700565,0.020215745856353592,0.41927977839335184,0.002928285714285714
종로구,12,33.12359550561798,20.212885154061624,0.039557020057306595,0.01832521008403361,0.40171348314606736,0.002921449275362319
종로구,13,34.138328530259365,20.73728813559322,0.04489941860465116,0.01628068181818182,0.3800284090909091,0.002902941176470588
종로구,14,32.88472622478386,20.145714285714284,0.04817865497076024,0.015502285714285713,0.3630285714285714,0.00287810650887574
종로구,15,34.17595307917889,20.559766763848398,0.049824117647058824,0.015174418604651163,0.35319767441860467,0.002878978978978979
종로구,16,33.774193548387096,20.067055393586006,0.049871847507331375,0.015523837209302326,0.3546511627906977,0.0028786786786786788
종로구,17,34.65706051873199,20.86246418338109,0.048705763688760804,0.016593502824858757,0.3621468926553672,0.002839067055393586
종로구,18,34.016806722689076,21.014044943820224,0.04533314606741573,0.01830413223140496,0.3871349862258953,0.0027926136363636365
종로구,19,34.598314606741575,21.606648199445985,0.040633333333333334,0.020262637362637365,0.4114010989010989,0.0027559322033898306
종로구,20,34.22562674094708,21.766666666666666,0.03689887955182073,0.021191758241758243,0.4203571428571428,0.0026988732394366195
종로구,21,33.56111111111111,21.759002770083104,0.0340655462184874,0.021494505494505493,0.426510989010989,0.0026980281690140843
종로구,22,32.19832402234637,20.85082872928177,0.03197170868347339,0.02161098901098901,0.4349450549450549,0.0026825352112676056
종로구,23,32.549019607843135,21.12707182320442,0.03001484593837535,0.021865934065934067,0.4373351648351648,0.0026676056338028166
중구,0,29.011204481792717,19.25068870523416,0.0302366391184573,0.02011758241758242,0.4086813186813187,0.00279375
중구,1,28.943977591036415,19.336088154269973,0.029540771349862258,0.01951263736263736,0.4053296703296703,0.0027960227272727273
중구,2,27.747222222222224,18.93388429752066,0.029225,0.018477472527472526,0.40137362637362634,0.0027565340909090907
중구,3,27.941504178272982,19.22038567493113,0.02842554945054945,0.018173351648351647,0.3927747252747253,0.002736363636363636
중구,4,27.207865168539325,18.662983425414364,0.027889285714285714,0.017817032967032968,0.38304945054945055,0.0027210227272727273
중구,5,27.74022346368715,19.03314917127072,0.02609478021978022,0.01875686813186813,0.37945054945054946,0.0027173295454545453
중구,6,27.28491620111732,18.673130193905816,0.02415302197802198,0.02009093406593407,0.383489010989011,0.002712784090909091
중구,7,27.957865168539325,19.074585635359117,0.02171813186813187,0.022785439560439564,0.3964835164835165,0.002759090909090909
중구,8,28.00560224089636,18.604972375690608,0.02129423076923077,0.02485164835164835,0.4220054945054945,0.002822159090909091
중구,9,29.51123595505618,19.116343490304708,0.02393489010989011,0.02458543956043956,0.44859504132231404,0.002899715909090909
중구,10,29.573816155988858,18.41988950276243,0.028423901098901097,0.02283708791208791,0.4392307692307692,0.0029755681818181817
중구,11,31.84971098265896,20.519886363636363,0.033400564971751416,0.021147605633802816,0.42101408450704225,0.0030107558139534888
중구,12,30.759530791788855,19.65714285714286,0.03919570200573066,0.01899145299145299,0.3976353276353276,0.0029855457227138645
중구,13,30.667630057803468,19.887005649717516,0.04449746478873239,0.0168873595505618,0.377752808988764,0.0029880466472303204
중구,14,31.271186440677965,20.425770308123248,0.04821851851851852,0.015555524079320114,0.3558923512747875,0.0029366863905325447
중구,15,31.70893371757925,20.559322033898304,0.04992820512820512,0.015380169971671388,0.34507082152974505,0.0029440828402366864
중구,16,29.913544668587896,18.845714285714287,0.05059942528735632,0.01531404011461318,0.34157593123209173,0.0029470238095238095
중구,17,30.059322033898304,19.167613636363637,0.049525,0.015858073654390934,0.34045584045584043,0.002935
중구,18,29.172701949860723,18.462603878116344,0.04671643454038997,0.01697624309392265,0.35140883977900556,0.002910028653295129
중구,19,30.50561797752809,20.061624649859944,0.042100554016620495,0.019118457300275483,0.37209366391184573,0.0029222222222222223
중구,20,30.44788732394366,20.275,0.03794060773480663,0.02075,0.39123626373626375,0.0028821022727272727
중구,21,30.39275766016713,20.400552486187845,0.035496418732782364,0.020442582417582417,0.40313186813186813,0.002880965909090909
중구,22,29.198879551820728,19.614325068870524,0.033422375690607735,0.020341208791208792,0.41000000000000003,0.0028434659090909088
중구,23,29.801120448179272,19.876033057851238,0.03157513812154696,0.020242857142857142,0.40923076923076923,0.0028088068181818184
중랑구,0,31.501392757660167,19.37325905292479,0.02653494318181818,0.01708543956043956,0.37972527472527473,0.0026837078651685393
중랑구,1,31.522099447513813,19.71388888888889,0.02573522727272727,0.016051373626373627,0.3706318681318681,0.002640449438202247
중랑구,2,30.795580110497237,19.311977715877436,0.02513096590909091,0.015107417582417583,0.3663736263736264,0.002623314606741573
중랑구,3,30.825966850828728,19.457865168539325,0.025128693181818183,0.0139521978021978,0.35582417582417586,0.0025890449438202246
중랑구,4,30.248618784530386,19.11204481792717,0.024660795454545456,0.013308516483516483,0.34934065934065933,0.0025679775280898877
중랑구,5,30.359116022099446,19.392156862745097,0.022780113636363633,0.014446153846153846,0.35395604395604396,0.0025376404494382022
중랑구,6,29.977900552486187,18.92757660167131,0.02030909090909091,0.016756043956043954,0.37280219780219775,0.002581741573033708
중랑구,7,30.486187845303867,19.350974930362117,0.01805965909090909,0.019527472527472528,0.38870879120879126,0.0026014044943820226
중랑구,8,29.986187845303867,18.022284122562674,0.01790625,0.021239835164835165,0.41291208791208794,0.002636516853932584
중랑구,9,30.54016620498615,18.13649025069638,0.020516524216524216,0.020418131868131868,0.421565934065934,0.002692676056338028
중랑구,10,31.140883977900554,17.841225626740947,0.025075428571428575,0.018257692307692308,0.40412087912087913,0.0028056497175141244
중랑구,11,32.80609418282548,19.34078212290503,0.030122571428571426,0.016291184573002757,0.38016528925619836,0.002844788732394366
중랑구,12,32.508426966292134,19.047752808988765,0.034675652173913045,0.014839385474860335,0.36181564245810055,0.0028655172413793104
중랑구,13,33.220338983050844,20.02849002849003,0.03858735294117647,0.01380909090909091,0.3492613636363636,0.002853333333333333
중랑구,14,33.06,19.868804664723033,0.04194421364985163,0.013097988505747126,0.3410344827586207,0.002905263157894737
중랑구,15,33.53008595988538,19.878962536023053,0.04351094674556213,0.01276657142857143,0.33217765042979946,0.002888921282798834
중랑구,16,32.43023255813954,19.330409356725145,0.04328558558558558,0.012924277456647398,0.32768786127167626,0.00285811209439528
중랑구,17,32.79479768786127,19.898843930635838,0.04195535714285714,0.014068481375358167,0.33163323782234955,0.0028529239766081874
중랑구,18,32.79213483146067,19.673295454545453,0.039658,0.015730662983425413,0.3456198347107438,0.0028191549295774644
중랑구,19,33.285318559556785,20.273743016759777,0.0360008547008547,0.01742335164835165,0.36392857142857143,0.0027980392156862744
중랑구,20,32.42817679558011,19.694444444444443,0.03262386363636364,0.018744505494505497,0.3796428571428571,0.0028089635854341736
중랑구,21,32.606648199445985,19.919220055710305,0.030051988636363637,0.018868406593406592,0.38810439560439564,0.002757303370786517
중랑구,22,31.580555555555556,19.206128133704734,0.028429829545454546,0.018617582417582417,0.3867032967032967,0.002755056179775281
중랑구,23,31.878116343490305,19.955431754874652,0.02713778409090909,0.01817802197802198,0.38593406593406593,0.0027311797752808988
