course_id,course_name,district,latitude,longitude,distance_km,difficulty_derived,terrain,environment,mood_tags_derived,nearby_parks,toilet_count_300m,nearby_points,start_point,end_point,description,source,quality_note,elevation_min_m,elevation_max_m,elevation_avg_m,elevation_gain_m,elevation_loss_m,avg_grade_pct,max_grade_pct,elevation_samples,difficulty_elevation,difficulty_final,elevation_summary,water_count_300m,water_count_700m,nearest_water_name,nearest_water_distance_m,nearby_water_parks,realtime_area_count,realtime_area_codes,realtime_area_names,realtime_area_categories,nearest_realtime_area_code,nearest_realtime_area_name,nearest_realtime_area_distance_m,air2025_pm10_avg,air2025_pm25_avg,air2025_o3_avg,air2025_no2_avg,air2025_co_avg,air2025_so2_avg,facility_summary,realtime_summary,walk_network_match_ratio,walk_network_link_count,crosswalk_link_count,bridge_link_count,tunnel_link_count,overpass_link_count,park_green_link_count,indoor_link_count,walk_network_districts,walkability_grade,live_air_pm10,live_air_pm25,live_air_o3,live_air_no2,live_air_co,live_air_so2,live_air_cai,live_air_grade,live_air_measured_at,live_air_districts,live_air_summary,cycleway_ratio,foot_allowed_ratio,foot_known_ratio,foot_restricted_ratio,highway_top,lit_known_ratio,lit_no_ratio,lit_yes_ratio,osm_match_ratio,osm_matched_samples,osm_sample_count,pedestrian_path_ratio,smoothness_bad_ratio,smoothness_good_ratio,smoothness_known_ratio,smoothness_top,steps_sample_ratio,surface_known_ratio,surface_paved_ratio,surface_top,surface_unpaved_ratio,tracktype_top,osm_surface_lighting_summary
RM_SEOUL_009,지하철 4호선 당고개역 ~ 코스 1-2 불암산 우회코스 갈림길,노원구,37.679407,127.087807,4.42,쉬움,미확인(고도데이터 필요),산림,자연|도전|가벼운러닝,,6,덕릉고개|넓은마당|경수사|코스 1-2 불암산 우회코스 갈림길,지하철 4호선 당고개역,코스 1-2 불암산 우회코스 갈림길,"서울시 선형 공간정보를 연결해 생성한 약 4.4km 구간. 인접 주요 지점: 덕릉고개, 넓은마당, 경수사, 코스 1-2 불암산 우회코스 갈림길",서울시 둘레길/두드림길 공간정보 + 서울시 주요 공원현황(2026 상반기) + 서울시 공중화장실 위치정보,"거리=공간선형 계산, 난이도/감성태그=규칙 기반 파생값(검증 필요)",84.8,173.4,133.7,184.0,248.7,1.45,35.63,149,보통,보통,"최저 85m, 최고 173m, 누적상승 184m, 최대경사 약 35.6%",1,3,갈월어린이 공원,116.7,갈월어린이 공원|당고개지구공원|불암어린이공원,0,,,,POI079,창동 신경제 중심지,1878.3,33.06919850885368,18.582287390029325,0.0323836741767764,0.0176299502947636,0.3911443763726737,0.0024179561535784,"화장실 6곳, 음수대 1곳(300m)",가장 가까운 실시간 영역 창동 신경제 중심지 약 1878.3m,16.0,42,37,0,0,0,0,0,노원구,검토필요,21.0,14.0,0.044,0.005,0.2,0.002,61.0,보통,202608271500.0,노원구,"현재 PM10 21, PM2.5 14, 통합대기지수 61",0.0,0.0,0.0,0.0,path:155|residential:5|motorway:4|trunk:4|track:2,0.0,0.0,0.0,96.1,171,178,90.6,0.0,0.0,0.0,,0.6,91.2,2.6,earth:149|asphalt:4|dirt:3,97.4,grade1:2,"OSM 경로매칭 96%, 포장 3%, 비포장 97%, 조명정보 부족"
RM_SEOUL_004,탕춘대성 암문 ~ 코스 8-1 선림사 옆,은평구,37.618934,126.937104,6.27,쉬움,미확인(고도데이터 필요),공원|산림,힐링|녹지|자연|도전|가벼운러닝,불광근린공원,8,선림사|북한산 생태공원|코스 8-1 선림사 옆|코스 8-2 옛성길 시작점,탕춘대성 암문,코스 8-1 선림사 옆,"서울시 선형 공간정보를 연결해 생성한 약 6.3km 구간. 인접 주요 지점: 선림사, 북한산 생태공원, 코스 8-1 선림사 옆, 코스 8-2 옛성길 시작점",서울시 둘레길/두드림길 공간정보 + 서울시 주요 공원현황(2026 상반기) + 서울시 공중화장실 위치정보,"거리=공간선형 계산, 난이도/감성태그=규칙 기반 파생값(검증 필요)",41.9,214.8,110.1,281.7,313.5,0.54,28.94,211,어려움,어려움,"최저 42m, 최고 215m, 누적상승 282m, 최대경사 약 28.9%",6,23,북한산도시자연공원,14.9,관동 어린이공원|물푸레근린공원(뉴타운)|북한산 돌산축구장|북한산 호박골지구|북한산 홍은한마당|북한산도시자연공원|불광 어린이공원|불광근린공원|불광동자투리녹지|새장골어린이공원|시내어린이공원|양천리누리터어린이공원|연신 어린이공원|연신초교옆마을마당|연천초교앞마을마당|제9호근린공원(뉴타운)|향림도시농업체험원|홍록배드민턴장|홍박소공원,0,,,,POI043,연신내역,624.8,31.25816539263377,15.32643811737362,0.0306909291265514,0.0133331025729779,0.4492765662859121,0.0027339002661113,"화장실 8곳, 음수대 6곳(300m)",가장 가까운 실시간 영역 연신내역 약 624.8m,25.0,69,8,0,0,0,0,0,은평구,검토필요,,,0.053,0.005,0.2,0.002,69.0,보통,202608271500.0,은평구,,0.0,100.0,58.3,0.0,path:195|residential:31|steps:16|footway:8|service:2,0.0,0.0,0.0,100.0,252,252,80.6,0.0,0.0,0.0,,6.3,86.9,41.6,earth:114|paving_stones:79|wood:13|asphalt:12|unpaved:1,52.5,,"OSM 경로매칭 100%, 포장 42%, 비포장 52%, 조명정보 부족"
RM_SEOUL_011,방이동 생태경관보전지역 ~ 수서역 5번출구,송파구,37.481714,127.131371,8.27,보통,미확인(고도데이터 필요),하천|공원|산림,힐링|녹지|개방감|물가|자연|도전|가벼운러닝,장지근린공원|오금근린공원,53,"방이동 생태경관보전지역|문정근린공원|가든파이브|수서역 5번출구|코스 3-4 탄천 끝부분|지하철 3호선, 분당선 수서역 6번 출구|코스 4-1 대모산 초입",방이동 생태경관보전지역,수서역 5번출구,"서울시 선형 공간정보를 연결해 생성한 약 8.3km 구간. 인접 주요 지점: 방이동 생태경관보전지역, 문정근린공원, 가든파이브, 수서역 5번출구, 코스 3-4 탄천 끝부분, 지하철 3호선, 분당선 수서역 6번 출구",서울시 둘레길/두드림길 공간정보 + 서울시 주요 공원현황(2026 상반기) + 서울시 공중화장실 위치정보,"거리=공간선형 계산, 난이도/감성태그=규칙 기반 파생값(검증 필요)",10.3,58.2,25.8,66.6,64.0,0.06,10.91,277,보통,보통,"최저 10m, 최고 58m, 누적상승 67m, 최대경사 약 10.9%",12,41,성내천 음수대,3.3,가야금어린이공원|개롱공원|거여공원|글샘근린공원|꿈나무어린이공원|마천공원|문정공원|문정법조단지공원|문현어린이공원|백토공원|벌말어린이공원|복숭아어린이공원|샛팽이어린이공원|성내천 음수대|수서까치공원|아랫말어린이공원|연화공원|영풍어린이공원|오금공원|오동나무어린이공원|올림픽공원|용마어린이공원|율현공원|투구봉공원|한샘어린이공원|향나무어린이공원|호돌이어린이공원|호순이어린이공원|훼미리공원|희망어린이공원,1,POI048,장지역,인구밀집지역,POI048,장지역,0.0,31.760284349143458,17.598735807093526,0.0304069498960978,0.0195489838337182,0.3756847575057736,0.0025300608471799,"화장실 53곳, 음수대 12곳(300m)",서울 실시간 도시데이터 영역 장지역,80.2,204,5,0,0,0,0,0,강남구|송파구,매우양호,20.0,17.5,0.0645,0.0105,0.25,0.002,78.0,보통,202608271500.0,강남구|송파구,"현재 PM10 20, PM2.5 18, 통합대기지수 78",36.4,100.0,27.7,0.0,footway:167|cycleway:121|residential:24|service:6|tertiary:4,10.5,0.0,100.0,100.0,332,332,51.5,0.0,100.0,17.2,good:57,0.0,40.1,61.7,asphalt:65|rubber:51|paving_stones:13|concrete:4,0.0,,"OSM 경로매칭 100%, 포장 62%, 비포장 0%, 조명 있음 100%"
RM_SEOUL_005,7.빨래골지킴터 ~ 탕춘대성 암문,종로구,37.61316,126.982033,10.26,보통,미확인(고도데이터 필요),도심/녹지,장거리|성취감,,10,탕춘대성 암문|불심원|5.연화정사|6.성북생태체험관|7.빨래골지킴터|코스 8-3 명상길 시작점|코스 8-4 흰구름길 시작점,7.빨래골지킴터,탕춘대성 암문,"서울시 선형 공간정보를 연결해 생성한 약 10.3km 구간. 인접 주요 지점: 탕춘대성 암문, 불심원, 5.연화정사, 6.성북생태체험관, 7.빨래골지킴터, 코스 8-3 명상길 시작점",서울시 둘레길/두드림길 공간정보 + 서울시 주요 공원현황(2026 상반기) + 서울시 공중화장실 위치정보,"거리=공간선형 계산, 난이도/감성태그=규칙 기반 파생값(검증 필요)",88.9,278.3,179.4,483.0,417.6,0.56,30.93,344,어려움,어려움,"최저 89m, 최고 278m, 누적상승 483m, 최대경사 약 30.9%",8,12,북한산도시자연공원,5.0,감나무골어린이공원|북한산 호박골지구|북한산도시자연공원|빨래골어린이공원|삼양마을마당|정릉천변|참샘골어린이공원|청암어린이공원|하늘어린이공원,0,,,,POI036,수유역,1526.4,32.08957673818736,20.23200559049616,0.0336470997406272,0.0201484736355226,0.4100497339810316,0.0027277969736685,"화장실 10곳, 음수대 8곳(300m)",가장 가까운 실시간 영역 수유역 약 1526.4m,75.4,233,17,0,0,0,0,0,강북구|성북구|종로구,양호,20.0,13.0,0.049,0.0063,0.2333,0.003,65.6667,보통,202608271500.0,강북구|성북구|종로구,"현재 PM10 20, PM2.5 13, 통합대기지수 66",0.0,0.0,0.0,0.0,residential:203|path:159|steps:18|footway:16|tertiary:14,3.6,0.0,100.0,100.0,412,412,42.5,0.0,0.0,0.0,,4.4,97.8,59.3,asphalt:203|earth:146|wood:17|paved:15|concrete:10,36.2,,"OSM 경로매칭 100%, 포장 59%, 비포장 36%, 조명 있음 100%"
RM_SEOUL_010,지하철 6호선 화랑대역 4번출구 ~ 지하철 5호선 광나루역 1번출구,중랑구,37.592237,127.109341,12.63,보통,미확인(고도데이터 필요),공원|산림,힐링|녹지|자연|도전|장거리|성취감,중랑캠핑숲|아차산공원,35,지하철 6호선 화랑대역 4번출구|1-3/2-1 화랑대 4번 출구 앞 공원|지하철 6호선 화랑대역 4번출구|중랑캠핑숲|망우묘지공원|해맞이광장|아차산생태공원|지하철 5호선 광나루역 1번출구|아차산 4보루 성터|아차산성|양원역 2번 출구|코스 1-3 / 2-1 화랑대역 4번 출구 앞 공원,지하철 6호선 화랑대역 4번출구,지하철 5호선 광나루역 1번출구,"서울시 선형 공간정보를 연결해 생성한 약 12.6km 구간. 인접 주요 지점: 지하철 6호선 화랑대역 4번출구, 1-3/2-1 화랑대 4번 출구 앞 공원, 지하철 6호선 화랑대역 4번출구, 중랑캠핑숲, 망우묘지공원, 해맞이광장",서울시 둘레길/두드림길 공간정보 + 서울시 주요 공원현황(2026 상반기) + 서울시 공중화장실 위치정보,"거리=공간선형 계산, 난이도/감성태그=규칙 기반 파생값(검증 필요)",18.7,313.5,127.1,334.1,361.1,0.04,28.34,423,어려움,어려움,"최저 19m, 최고 314m, 누적상승 334m, 최대경사 약 28.3%",8,33,중랑캠핑숲,17.7,갓바위어린이공원|광진숲나루|구화랑대역철도공원|긴고랑등산로입구|노원구-개미어린이공원-1|노원구-공릉근린공원-1|노원구-청솔어린이공원-1|능산공원|돌산체육공원|망우어린이공원|방죽어린이공원|배밭공원|봉화산 유아숲체험장|사가정공원|신내공원|아차산공원|옹기테마공원|용마산 가족공원|중랑구-묵동어린이공원|중랑구-옹기테마공원|중랑캠핑숲,1,POI102,아차산,공원,POI102,아차산,0.0,31.75218048610304,19.361654752138755,0.0298783295440947,0.0163401641239019,0.3690337494220989,0.0027362121928166,"화장실 35곳, 음수대 8곳(300m)",서울 실시간 도시데이터 영역 아차산,52.3,253,31,0,0,0,0,0,광진구|노원구|중랑구,양호,25.3333,16.6667,0.056,0.0103,0.2333,0.0023,71.3333,보통,202608271500.0,광진구|노원구|중랑구,"현재 PM10 25, PM2.5 17, 통합대기지수 71",2.4,100.0,5.1,0.0,path:219|footway:131|tertiary:41|steps:31|service:26,19.8,61.0,39.0,99.6,505,507,73.1,62.5,37.5,4.8,bad:15|excellent:9,6.1,72.9,40.8,earth:125|asphalt:96|ground:62|paving_stones:29|concrete:25,52.2,,"OSM 경로매칭 100%, 포장 41%, 비포장 52%, 조명 있음 39%"
RM_SEOUL_003,지하철 4호선 사당역 4번출구 ~ 지하철 1호선 석수역 1번출구,관악구,37.464017,126.948023,12.81,보통,미확인(고도데이터 필요),하천|공원|산림,힐링|녹지|개방감|물가|자연|도전|장거리|성취감,샘말공원(관악산근린공원 샘말지구),41,"지하철 2호선, 4호선 사당역 4번출구|지하철 4호선 사당역 4번출구|관음사|낙성대공원|서울대학교|약수암|천주교삼성상성지|호압사|한우물 및 주변산성지|지하철 1호선 석수역 1번출구|코스 5-1 관음사 입구|코스 5-2 관악산 안내소 앞",지하철 4호선 사당역 4번출구,지하철 1호선 석수역 1번출구,"서울시 선형 공간정보를 연결해 생성한 약 12.8km 구간. 인접 주요 지점: 지하철 2호선, 4호선 사당역 4번출구, 지하철 4호선 사당역 4번출구, 관음사, 낙성대공원, 서울대학교, 약수암",서울시 둘레길/두드림길 공간정보 + 서울시 주요 공원현황(2026 상반기) + 서울시 공중화장실 위치정보,"거리=공간선형 계산, 난이도/감성태그=규칙 기반 파생값(검증 필요)",18.0,240.5,128.4,524.0,530.9,0.01,32.72,429,어려움,어려움,"최저 18m, 최고 240m, 누적상승 524m, 최대경사 약 32.7%",15,35,관악산경로구역공원,1.4,관악구민운동장|관악산 낙성대야외놀이마당|관악산게이트볼장|관악산경로구역공원|관악산계곡캠핑장|관악산낙성대광장공원|관악산맷돌체조장|관악산호수구역공원|관악제2구민운동장|교체 어린이공원|군아파트 어린이공원|금천-박미사랑소공원-1|금천-방수설비잔디광장-1|까치어린이공원|꾸러기공원|낙성대게이트볼장|맨발공원|모래내공원|목화 어린이공원|밤골 어린이공원|백설 어린이공원|비둘기공원|사당 만남의 공원|상록 어린이공원|샘말공원|예촌 어린이공원|원당 어린이공원|진달래공원|청두어린이공원|탑골 어린이공원|해바라기 어린이공원|해태 어린이공원,1,POI029,사당역,인구밀집지역,POI029,사당역,0.0,28.31780595369349,17.382617106535857,0.0317986163670766,0.0190207798327247,0.388230025925053,0.0024821995733586,"화장실 41곳, 음수대 15곳(300m)",서울 실시간 도시데이터 영역 사당역,42.6,148,29,0,0,0,0,0,관악구|금천구|동작구|서초구,검토필요,21.75,11.75,0.0617,0.0087,0.3,0.0025,76.25,보통,202608271500.0,관악구|금천구|동작구|서초구,"현재 PM10 22, PM2.5 12, 통합대기지수 76",2.2,93.3,26.6,6.7,path:362|service:39|footway:36|residential:32|trunk:12,3.7,0.0,100.0,98.8,508,514,78.3,0.0,100.0,4.3,good:22,1.8,9.1,91.3,asphalt:22|paving_stones:20|earth:3|ground:1,8.7,,"OSM 경로매칭 99%, 포장 91%, 비포장 9%, 조명 있음 100%"
RM_SEOUL_007,코스 8-6 도봉탐방지원센터 옆 ~ 7.빨래골지킴터,강북구,37.661201,127.0068,14.31,어려움,미확인(고도데이터 필요),공원|산림,힐링|녹지|자연|도전|장거리|성취감,솔밭근린공원,14,7.빨래골지킴터|8.이준열사묘소|9.419국립묘지|10.봉황각|코스 8-5 왕실묘역 시작점|코스 8-6 도봉탐방지원센터 옆,코스 8-6 도봉탐방지원센터 옆,7.빨래골지킴터,"서울시 선형 공간정보를 연결해 생성한 약 14.3km 구간. 인접 주요 지점: 7.빨래골지킴터, 8.이준열사묘소, 9.419국립묘지, 10.봉황각, 코스 8-5 왕실묘역 시작점, 코스 8-6 도봉탐방지원센터 옆",서울시 둘레길/두드림길 공간정보 + 서울시 주요 공원현황(2026 상반기) + 서울시 공중화장실 위치정보,"거리=공간선형 계산, 난이도/감성태그=규칙 기반 파생값(검증 필요)",41.5,151.8,90.9,575.5,503.7,0.65,27.63,479,어려움,어려움,"최저 42m, 최고 152m, 누적상승 576m, 최대경사 약 27.6%",9,23,솔밭공원,3.8,도봉산역만남의광장|뒷말어린이공원|무지개어린이공원|발바닥공원|방학3동가로공원|북한산도시자연공원|빨래골어린이공원|새동네어린이공원|샘말어린이공원|서울창포원|서원어린이공원|솔밭공원|수유일공원|우이동만남의광장|푸른어린이공원|하늘어린이공원,0,,,,POI036,수유역,1248.6,30.50502923976608,18.02871818818585,0.0345196096872795,0.0118681650103998,0.3429370224589025,0.002227679414542,"화장실 14곳, 음수대 9곳(300m)",가장 가까운 실시간 영역 수유역 약 1248.6m,39.3,187,0,0,0,0,0,0,강북구|도봉구,검토필요,17.0,13.0,0.05,0.0035,0.2,0.0025,66.5,보통,202608271500.0,강북구|도봉구,"현재 PM10 17, PM2.5 13, 통합대기지수 66",0.0,37.0,4.7,63.0,path:410|residential:57|service:53|footway:19|secondary:16,5.1,100.0,0.0,100.0,574,574,75.3,0.0,100.0,0.2,intermediate:1,2.4,97.0,26.0,earth:348|asphalt:102|ground:43|paving_stones:29|wood:18,70.7,,"OSM 경로매칭 100%, 포장 26%, 비포장 71%, 조명 있음 0%"
RM_SEOUL_008,1-1코스 창포원 관리사무소 앞 ~ 지하철 6호선 화랑대역 4번출구,노원구,37.670414,127.079303,14.61,어려움,미확인(고도데이터 필요),공원|산림,힐링|녹지|자연|도전|장거리|성취감,서울창포원,37,"지하철 1,7호선 도봉산역 2번출구|서울창포원|넓은마당|경수사|성관사|넓적바위|태릉|지하철 6호선 화랑대역 4번출구|지하철 4호선 당고개역|지하철 7호선 수락산역|1-1코스 창포원 관리사무소 앞|코스 1-2 불암산 우회코스 갈림길",1-1코스 창포원 관리사무소 앞,지하철 6호선 화랑대역 4번출구,"서울시 선형 공간정보를 연결해 생성한 약 14.6km 구간. 인접 주요 지점: 지하철 1,7호선 도봉산역 2번출구, 서울창포원, 넓은마당, 경수사, 성관사, 넓적바위",서울시 둘레길/두드림길 공간정보 + 서울시 주요 공원현황(2026 상반기) + 서울시 공중화장실 위치정보,"거리=공간선형 계산, 난이도/감성태그=규칙 기반 파생값(검증 필요)",22.2,190.6,83.3,447.3,450.8,0.05,24.0,489,어려움,어려움,"최저 22m, 최고 191m, 누적상승 447m, 최대경사 약 24.0%",13,33,노원구-상계장암지구근린공원-1,4.4,갈월어린이 공원|개나리어린이공원|구화랑대역철도공원|꿈나라어린이공원|노원구-갓바위어린이공원-1|노원구-개미어린이공원-1|노원구-공릉근린공원-1|노원구-노원골지구공원-1|노원구-당현어린이공원-1|노원구-상계장암지구근린공원-1|노원구-종달새어린이공원-1|노원구-청솔어린이공원-1|누원어린이공원|늘푸른어린이공원|다락원체육공원|당고개지구공원|도봉산역만남의광장|무궁화어린이공원|무수천|무지개어린이공원|봉화산 유아숲체험장|불암산도시자연공원|불암어린이공원|새동네어린이공원|샘터어린이공원|서울창포원|서원어린이공원|정담공원|중랑구-묵동어린이공원|천보어린이공원|햇빛공원,0,,,,POI079,창동 신경제 중심지,1015.3,33.06919850885368,18.582287390029325,0.0323836741767764,0.0176299502947636,0.3911443763726737,0.0024179561535784,"화장실 37곳, 음수대 13곳(300m)",가장 가까운 실시간 영역 창동 신경제 중심지 약 1015.3m,43.7,299,46,0,0,16,0,0,노원구|도봉구,검토필요,18.0,11.0,0.0485,0.0045,0.2,0.0025,65.0,보통,202608271500.0,노원구|도봉구,"현재 PM10 18, PM2.5 11, 통합대기지수 65",1.5,100.0,2.0,0.0,path:409|residential:44|footway:43|secondary:28|service:9,0.5,0.0,100.0,93.2,546,586,82.8,0.0,0.0,0.0,,0.0,85.9,18.6,earth:374|asphalt:58|paved:26|ground:7|paving_stones:2,81.2,,"OSM 경로매칭 93%, 포장 19%, 비포장 81%, 조명 있음 100%"
RM_SEOUL_012,코스 3-2 광진교 초입 ~ 방이동 생태경관보전지역,강동구,37.555474,127.158144,15.66,어려움,미확인(고도데이터 필요),하천|공원|산림,힐링|녹지|개방감|물가|자연|도전|장거리|성취감,명일근린공원,48,한강공원 광나루지구|암사동선사주거지|샘터공원|명일공원|방이동 생태경관보전지역|고덕역 4번출구|3-2 일자산 초입(고덕역 4번 출구 260m 앞)|코스 3-3 방이동 생태경관보전지역 사무소 앞,코스 3-2 광진교 초입,방이동 생태경관보전지역,"서울시 선형 공간정보를 연결해 생성한 약 15.7km 구간. 인접 주요 지점: 한강공원 광나루지구, 암사동선사주거지, 샘터공원, 명일공원, 방이동 생태경관보전지역, 고덕역 4번출구",서울시 둘레길/두드림길 공간정보 + 서울시 주요 공원현황(2026 상반기) + 서울시 공중화장실 위치정보,"거리=공간선형 계산, 난이도/감성태그=규칙 기반 파생값(검증 필요)",11.6,123.2,48.2,232.3,212.6,0.02,17.3,524,어려움,어려움,"최저 12m, 최고 123m, 누적상승 232m, 최대경사 약 17.3%",23,52,한강공원(광나루),1.6,가야금어린이공원|고덕레미안힐스테이트공원|광진교|광진어린이공원|구암어린이공원|꿈나래어린이공원|동명공원|두레근린공원|명린근린공원|방죽근린공원|백토공원|볕우물공원|새장터어린이공원|샘터근린공원|송림근린공원|암사역사공원|암사정수센터 교차로 샘터|오동나무어린이공원|올림픽공원|원터근린공원|일자산공원|천호해공공원|하늬어린이공원|한강공원(광나루)|한우물어린이공원|허브체험공원,2,POI011|POI087,서울 암사동 유적|광나루한강공원,고궁·문화유산|공원,POI011,서울 암사동 유적,0.0,34.35390264124126,20.84625203063356,0.0331286916426512,0.0169365690569518,0.5305800072350175,0.0026900289519397,"화장실 48곳, 음수대 23곳(300m)",서울 실시간 도시데이터 영역 서울 암사동 유적|광나루한강공원,57.6,364,44,0,0,0,0,0,강동구|송파구,양호,25.0,18.0,0.0655,0.0135,0.3,0.002,79.0,보통,202608271500.0,강동구|송파구,"현재 PM10 25, PM2.5 18, 통합대기지수 79",18.2,98.3,9.6,1.7,path:277|cycleway:110|footway:65|residential:43|service:35,4.8,0.0,100.0,96.0,603,628,56.7,100.0,0.0,23.2,bad:140,1.2,45.4,47.4,ground:139|asphalt:111|paving_stones:17|wood:5|concrete:2,50.7,grade2:1,"OSM 경로매칭 96%, 포장 47%, 비포장 51%, 조명 있음 100%"
RM_SEOUL_002,코스 6-1 석수역 앞 ~ 코스 7-1 가양대교 시작점,구로구,37.506304,126.873784,17.49,어려움,미확인(고도데이터 필요),하천|공원|산림,힐링|녹지|개방감|물가|자연|도전|장거리|성취감,갈산근린공원|염창근린공원,70,금천구청역|황금내 근린공원|코스 7-1 가양대교 시작점|지하철 1호선 석수역 1번출구|지하철 1호선 석수역 2번출구|안양천|구일역|도림천역|양화교폭포|지하철 9호선 가양역 4번출구|코스 6-1 석수역 앞|코스 6-2 구일역 앞,코스 6-1 석수역 앞,코스 7-1 가양대교 시작점,"서울시 선형 공간정보를 연결해 생성한 약 17.5km 구간. 인접 주요 지점: 금천구청역, 황금내 근린공원, 코스 7-1 가양대교 시작점, 지하철 1호선 석수역 1번출구, 지하철 1호선 석수역 2번출구, 안양천",서울시 둘레길/두드림길 공간정보 + 서울시 주요 공원현황(2026 상반기) + 서울시 공중화장실 위치정보,"거리=공간선형 계산, 난이도/감성태그=규칙 기반 파생값(검증 필요)",2.5,21.0,10.3,49.2,71.9,0.03,7.48,585,보통,보통,"최저 2m, 최고 21m, 누적상승 49m, 최대경사 약 7.5%",39,65,안양천둔치공원,0.4,갈산공원|곰돌이공원|공암나루공원|구암공원|금천-금나래중앙공원-1|금천-금나래중앙공원-2|금천-도하소공원-1|금천-독산근린공원-1|금천-말뫼마을마당-1|금천-박미사랑소공원-1|금천-중앙어린이공원-1|금천-풍림어린이공원-1|까치어린이공원|꾸러기공원|남서울공원|독산근린공원|목동근린공원|목마근린공원|비둘기공원|안양천(금천교하부)|안양천고수부지|안양천둔치공원|안양천체육공원|양남어린이공원|염창산공원|용왕산근린공원|증미산둘레길|진달래공원|차없는거리|참새공원|한강시민공원(양화지구)|해누리체육공원|황금내공원,2,POI013|POI125,가산디지털단지역|안양천,인구밀집지역|공원,POI013,가산디지털단지역,0.0,35.744576877234806,20.88097458615061,0.0322117496211679,0.015554929903835,0.3484283066944637,0.002565207319898,"화장실 70곳, 음수대 39곳(300m)",서울 실시간 도시데이터 영역 가산디지털단지역|안양천,93.5,233,159,0,0,0,0,0,강서구|구로구|금천구|양천구|영등포구,매우양호,17.6,10.8,0.0498,0.0076,0.24,0.0022,66.4,보통,202608271500.0,강서구|구로구|금천구|양천구|영등포구,"현재 PM10 18, PM2.5 11, 통합대기지수 66",73.5,64.4,78.9,35.6,cycleway:516|footway:76|service:33|trunk:23|pedestrian:16,0.4,66.7,33.3,100.0,702,702,13.2,0.0,100.0,2.3,excellent:16,0.4,59.1,100.0,concrete:344|asphalt:71,0.0,,"OSM 경로매칭 100%, 포장 100%, 비포장 0%, 조명 있음 33%"
RM_SEOUL_006,"지하철 3호선, 분당선 수서역 6번 출구 ~ 지하철 2호선, 4호선 사당역 4번출구",서초구,37.461923,127.043907,17.74,어려움,미확인(고도데이터 필요),공원|산림,힐링|녹지|자연|도전|장거리|성취감,매헌시민의숲|대모산도시자연공원|문화예술공원|구룡산도시자연공원,41,"수서역 5번출구|지하철 3호선, 분당선 수서역 6번 출구|지하철 분당선 양재시민의숲역|불국사|매헌 윤봉길의사 기념관|양재 시민의 숲|대성사|대원사|지하철 2호선, 4호선 사당역 4번출구|서울특별시 인재개발원|코스 4-1 대모산 초입|코스 4-2 양재시민의숲 안내소 옆","지하철 3호선, 분당선 수서역 6번 출구","지하철 2호선, 4호선 사당역 4번출구","서울시 선형 공간정보를 연결해 생성한 약 17.7km 구간. 인접 주요 지점: 수서역 5번출구, 지하철 3호선, 분당선 수서역 6번 출구, 지하철 분당선 양재시민의숲역, 불국사, 매헌 윤봉길의사 기념관, 양재 시민의 숲",서울시 둘레길/두드림길 공간정보 + 서울시 주요 공원현황(2026 상반기) + 서울시 공중화장실 위치정보,"거리=공간선형 계산, 난이도/감성태그=규칙 기반 파생값(검증 필요)",17.5,195.2,102.0,590.9,585.5,0.02,31.6,593,어려움,어려움,"최저 18m, 최고 195m, 누적상승 591m, 최대경사 약 31.6%",19,36,양재시민의숲,0.1,개포목련어린이공원|고인돌근린공원|군아파트 어린이공원|궁마을근린공원|까치어린이공원|남태령어린이공원|달터근린공원|문화예술근린공원|방배배수지체육공원|사당 만남의 공원|상록 어린이공원|상명달어린이공원|서울시인재개발원|서초구-두둑재어린이공원-1|서초구-암산어린이공원-1|세원어린이공원|수서까치공원|신중어린이공원|양재근린공원|양재시민의숲|양재천근린공원|예촌 어린이공원|청두어린이공원|한솔공원|효자공원,1,POI029,사당역,인구밀집지역,POI029,사당역,0.0,35.46423153226748,19.147502903600465,0.0326447963800905,0.0165286622730951,0.3786315789473684,0.0024910456383593,"화장실 41곳, 음수대 19곳(300m)",서울 실시간 도시데이터 영역 사당역,21.2,166,45,0,0,0,0,0,강남구|관악구|서초구,검토필요,20.0,10.6667,0.0627,0.0077,0.2667,0.0023,77.0,보통,202608271500.0,강남구|관악구|서초구,"현재 PM10 20, PM2.5 11, 통합대기지수 77",7.3,94.4,7.6,5.6,path:536|cycleway:52|footway:38|service:33|residential:20,0.4,0.0,100.0,100.0,711,711,80.9,100.0,0.0,15.0,bad:107,1.1,44.6,2.5,unpaved:284|earth:17|asphalt:8|ground:7|tartan:1,97.2,,"OSM 경로매칭 100%, 포장 2%, 비포장 97%, 조명 있음 100%"
RM_SEOUL_001,코스 7-1 가양대교 시작점 ~ 코스 8-1 선림사 옆,은평구,37.593098,126.899333,18.84,어려움,미확인(고도데이터 필요),하천|공원|산림,힐링|녹지|개방감|물가|자연|도전|장거리|성취감,진관근린공원(구파발폭포)|봉산도시자연공원|상암근린공원|서오능도시자연공원|문화비축기지,43,난지천 공원|하늘공원|월드컵 경기장|홍제천|수국사|은평뉴타운|지하철 3호선 구파발역 3번출구|지하철 6호선 월드컵경기장역 3번 출구|지하철 6호선 디지털미디어시티역 1번 출구|코스 7-1 가양대교 시작점|코스 7-2 증산체육공원 화장실 앞|코스 7-3 애봉산 끝부분,코스 7-1 가양대교 시작점,코스 8-1 선림사 옆,"서울시 선형 공간정보를 연결해 생성한 약 18.8km 구간. 인접 주요 지점: 난지천 공원, 하늘공원, 월드컵 경기장, 홍제천, 수국사, 은평뉴타운",서울시 둘레길/두드림길 공간정보 + 서울시 주요 공원현황(2026 상반기) + 서울시 공중화장실 위치정보,"거리=공간선형 계산, 난이도/감성태그=규칙 기반 파생값(검증 필요)",2.5,228.5,75.8,619.6,472.7,0.74,29.03,630,어려움,어려움,"최저 2m, 최고 228m, 누적상승 620m, 최대경사 약 29.0%",35,73,봉산도시자연공원,14.3,거꾸로 어린이 공원|곰돌이공원|공암나루공원|구산동마을공원|구암공원|궁말어린이공원|나비울 어린이공원|문화비축기지|물푸레근린공원(뉴타운)|봉산도시자연공원|분토골어린이공원|불광천 음수대|상암근린공원|서오능도시자연공원|시루뫼 어린이공원|신가 어린이 공원|연신초교옆마을마당|우물골근린공원(뉴타운)|월드컵경기장공원|월드컵공원|제9호근린공원(뉴타운)|한강시민공원 난지지구|해담는 어린이공원|향림도시농업체험원|황금내공원|휴암문화공원|휴암어린이공원,3,POI090|POI084|POI106,난지한강공원|DMC(디지털미디어시티)|월드컵공원,공원|발달상권|공원,POI090,난지한강공원,0.0,31.25816539263377,15.32643811737362,0.0306909291265514,0.0133331025729779,0.4492765662859121,0.0027339002661113,"화장실 43곳, 음수대 35곳(300m)",서울 실시간 도시데이터 영역 난지한강공원|DMC(디지털미디어시티)|월드컵공원,54.7,279,64,0,0,0,0,0,강서구|마포구|서대문구|은평구,양호,16.6667,12.0,0.0437,0.006,0.2333,0.002,61.3333,보통,202608271500.0,강서구|마포구|서대문구|은평구,"현재 PM10 17, PM2.5 12, 통합대기지수 61",13.4,100.0,5.6,0.0,path:313|footway:149|cycleway:96|primary:62|unclassified:28,4.6,0.0,100.0,94.6,715,756,64.9,0.0,0.0,0.0,,0.1,59.9,29.7,ground:301|asphalt:74|paving_stones:28|concrete:25,70.3,,"OSM 경로매칭 95%, 포장 30%, 비포장 70%, 조명 있음 100%"
RM_STREAM_001,황제천길,서대문구|종로구,37.5978823,126.9498021,2.1,쉬움,평지,하천|수변|도심,힐링|시원함|평지러닝|일상러닝,,20,,황제천길 시작,황제천길 종료,도심에서 만난 홍제천이 한강에 닿을 때 까지 함께 걷는 길,서울 열린데이터 지천/한강길 SHP (DoDreamWay04_L_W_SHP.zip),공식 SHP 경로 기반. 고도·편의시설·대기질·난이도는 공간분석/통계 파생값이며 현장 검증 권장.,39.8,61.8,48.7,18.6,11.7,0.62,9.29,71,쉬움,쉬움,"최저 40m, 최고 62m, 누적상승 19m, 최대경사 약 9.3%",6,12,홍제천변 음수대,3.6,중앙소공원|홍박소공원|홍록배드민턴장|북한산 호박골지구|북한산 홍은한마당|북한산 돌산축구장|인왕산 쌈지마당|문화소공원|홍제천변 음수대|문화촌 어린이공원,0,,,,POI128,홍제폭포,1311.1,30.268,18.536,0.0344,0.01729,0.4532,0.00309,"300m 내 화장실 20개, 300m 내 음수대 6개, 700m 내 음수대 12개","경로와 겹치는 실시간 주요장소 0개, 가장 가까운 장소 홍제폭포",93.5,70,0,0,0,0,0,0,서대문구|종로구,매우양호,23.5,13.0,0.054,0.011,0.3,0.004,70.0,보통,202608271500.0,서대문구|종로구,"현재 PM10 24, PM2.5 13, 통합대기지수 70",37.6,0.0,0.0,0.0,cycleway:32|residential:18|pedestrian:18|trunk:8|trunk_link:4,37.6,100.0,0.0,100.0,85,85,21.2,0.0,0.0,0.0,,0.0,50.6,100.0,paved:32|asphalt:11,0.0,,"OSM 경로매칭 100%, 포장 100%, 비포장 0%, 조명 있음 0%"
RM_STREAM_002,강남서초한강길,강남구|동작구|서초구,37.526554,127.0171437,10.3,보통,평지|완만한경사,한강|수변|도심,시원함|개방감|야경|퇴근러닝|장거리,,23,,강남서초한강길 시작,강남서초한강길 종료,서울 열린데이터 지천/한강길 선형 공간정보 기반 러닝 후보 코스입니다.,서울 열린데이터 지천/한강길 SHP (DoDreamWay04_L_W_SHP.zip),공식 SHP 경로 기반. 고도·편의시설·대기질·난이도는 공간분석/통계 파생값이며 현장 검증 권장.,3.5,24.9,9.6,96.2,96.7,0.02,13.86,345,보통,보통,"최저 4m, 최고 25m, 누적상승 96m, 최대경사 약 13.9%",26,42,한강시민공원잠원지구,0.4,현충원|한강시민공원잠원지구|한강시민공원반포지구|동작주차근린공원|신사근린공원|반원어린이공원|파랑새어린이공원|청담근린공원|청담은행나무공원|한강시민공원(뚝섬지구),2,POI095|POI111,반포한강공원|잠원한강공원,공원,POI095,반포한강공원,0.0,33.383,18.546,0.03262,0.01787,0.377,0.00245,"300m 내 화장실 23개, 300m 내 음수대 26개, 700m 내 음수대 42개","경로와 겹치는 실시간 주요장소 2개 (반포한강공원, 잠원한강공원)",95.8,192,137,0,0,0,0,0,강남구|광진구|동작구|서초구|성동구|용산구,매우양호,22.1667,9.8333,0.0595,0.0088,0.2667,0.0023,74.3333,보통,202608271500.0,강남구|광진구|동작구|서초구|성동구|용산구,"현재 PM10 22, PM2.5 10, 통합대기지수 74",66.9,98.6,51.2,1.4,cycleway:277|footway:86|path:19|trunk_link:11|trunk:10,60.4,0.0,100.0,100.0,414,414,25.4,0.0,0.0,0.0,,0.2,84.8,100.0,asphalt:330|concrete:12|paving_stones:7|paved:2,0.0,,"OSM 경로매칭 100%, 포장 100%, 비포장 0%, 조명 있음 100%"
RM_STREAM_003,강서한강길,강서구,37.5801373,126.8313241,9.29,보통,평지|완만한경사,한강|수변|도심,시원함|개방감|야경|퇴근러닝|장거리,허준공원|궁산근린공원|염창근린공원,13,,강서한강길 시작,강서한강길 종료,서울 열린데이터 지천/한강길 선형 공간정보 기반 러닝 후보 코스입니다.,서울 열린데이터 지천/한강길 SHP (DoDreamWay04_L_W_SHP.zip),공식 SHP 경로 기반. 고도·편의시설·대기질·난이도는 공간분석/통계 파생값이며 현장 검증 권장.,2.5,13.7,7.4,43.8,57.6,0.04,10.22,311,보통,보통,"최저 2m, 최고 14m, 누적상승 44m, 최대경사 약 10.2%",19,26,한강시민공원,2.3,한강시민공원(양화지구)|염창산공원|곰돌이공원|증미산둘레길|황금내공원|궁산공원|공암나루공원|구암공원|한강시민공원|가양동 문화공원,1,POI085,강서한강공원,공원,POI085,강서한강공원,0.0,35.0,18.811,0.03223,0.01943,0.402,0.00285,"300m 내 화장실 13개, 300m 내 음수대 19개, 700m 내 음수대 26개",경로와 겹치는 실시간 주요장소 1개 (강서한강공원),90.8,36,20,0,0,0,0,0,강서구,매우양호,11.0,13.0,0.039,0.006,0.2,0.002,58.0,보통,202608271500.0,강서구,"현재 PM10 11, PM2.5 13, 통합대기지수 58",78.6,99.7,77.8,0.0,cycleway:290|path:35|unclassified:17|service:14|trunk:4,0.3,0.0,100.0,98.9,369,373,10.6,0.0,0.0,0.0,,0.3,78.6,100.0,asphalt:286|concrete:4,0.0,,"OSM 경로매칭 99%, 포장 100%, 비포장 0%, 조명 있음 100%"
RM_STREAM_004,양재천,강남구|서초구|용산구,37.4705563,127.0311144,10.97,쉬움,평지,하천|수변|도심,힐링|시원함|평지러닝|일상러닝,매헌시민의숲|문화예술공원,44,,양재천 시작,양재천 종료,서울 열린데이터 지천/한강길 선형 공간정보 기반 러닝 후보 코스입니다.,서울 열린데이터 지천/한강길 SHP (DoDreamWay04_L_W_SHP.zip),공식 SHP 경로 기반. 고도·편의시설·대기질·난이도는 공간분석/통계 파생값이며 현장 검증 권장.,7.9,41.6,19.9,24.6,30.0,0.27,6.84,367,쉬움,쉬움,"최저 8m, 최고 42m, 누적상승 25m, 최대경사 약 6.8%",25,40,SETEC뒤양재천산책로,14.6,독골근린공원|도곡까치어린이공원|대치동 가로쉼터|서초구-양재어린이공원-1|효자공원|서초구-암산어린이공원-1|양재근린공원|양재천(황톳길)|개포까치공원|개포동근린공원,0,,,,POI100,서울대공원,315.9,33.459,18.6,0.03089,0.01826,0.3936,0.00259,"300m 내 화장실 44개, 300m 내 음수대 25개, 700m 내 음수대 40개","경로와 겹치는 실시간 주요장소 0개, 가장 가까운 장소 서울대공원",64.5,156,91,0,0,0,0,0,강남구|서초구,양호,20.6667,7.6667,0.058,0.0077,0.2667,0.0023,73.0,보통,202608271500.0,강남구|서초구|용산구,"현재 PM10 21, PM2.5 8, 통합대기지수 73",80.4,99.2,54.6,0.8,cycleway:349|track:22|service:17|trunk_link:13|tertiary:8,1.4,0.0,100.0,98.6,434,440,1.4,0.0,0.0,0.0,,0.2,38.2,100.0,asphalt:166,0.0,,"OSM 경로매칭 99%, 포장 100%, 비포장 0%, 조명 있음 100%"
RM_STREAM_005,여의천,서초구,37.4538328,127.0539674,5.71,쉬움,평지,하천|수변|도심,힐링|시원함|평지러닝|일상러닝,매헌시민의숲,14,,여의천 시작,여의천 종료,서울 열린데이터 지천/한강길 선형 공간정보 기반 러닝 후보 코스입니다.,서울 열린데이터 지천/한강길 SHP (DoDreamWay04_L_W_SHP.zip),공식 SHP 경로 기반. 고도·편의시설·대기질·난이도는 공간분석/통계 파생값이며 현장 검증 권장.,16.8,88.9,39.1,23.2,10.1,1.23,7.72,192,쉬움,쉬움,"최저 17m, 최고 89m, 누적상승 23m, 최대경사 약 7.7%",14,20,양재시민의숲,39.0,양재근린공원|서초구-두둑재어린이공원-1|양재시민의숲|양재천 제방|문화예술근린공원|양재천근린공원|세원어린이공원|청계숲어린이공원|서초구-청계산 수변공원-1|새쟁이어린이공원,0,,,,POI112,청계산,34.8,35.491,19.148,0.03273,0.01651,0.3784,0.00249,"300m 내 화장실 14개, 300m 내 음수대 14개, 700m 내 음수대 20개","경로와 겹치는 실시간 주요장소 0개, 가장 가까운 장소 청계산",71.5,113,12,0,0,0,0,0,서초구,양호,17.0,7.0,0.054,0.006,0.3,0.003,70.0,보통,202608271500.0,서초구,"현재 PM10 17, PM2.5 7, 통합대기지수 70",72.3,100.0,71.7,0.0,cycleway:133|residential:34|service:7|unclassified:3|footway:2,1.1,0.0,100.0,80.0,184,230,2.2,0.0,100.0,0.5,excellent:1,0.0,1.6,100.0,asphalt:2|paving_stones:1,0.0,,"OSM 경로매칭 80%, 포장 100%, 비포장 0%, 조명 있음 100%"
RM_STREAM_006,영등포동작구한강길,강서구|동작구|영등포구,37.527379,126.9331045,16.0,보통,평지|완만한경사,한강|수변|도심,시원함|개방감|야경|퇴근러닝|장거리,자매근린공원|염창근린공원|사육신공원|선유도근린공원,43,,영등포동작구한강길 시작,영등포동작구한강길 종료,서울 열린데이터 지천/한강길 선형 공간정보 기반 러닝 후보 코스입니다.,서울 열린데이터 지천/한강길 SHP (DoDreamWay04_L_W_SHP.zip),공식 SHP 경로 기반. 고도·편의시설·대기질·난이도는 공간분석/통계 파생값이며 현장 검증 권장.,2.5,29.7,12.9,82.2,95.3,0.07,9.41,535,보통,보통,"최저 2m, 최고 30m, 누적상승 82m, 최대경사 약 9.4%",44,80,한강시민공원(양화지구),3.2,한강시민공원(여의도안내센터)|노들나루공원(노량진배수지시민공원)|현충원|노들섬|노량진근린공원|앙카라(자매)공원|여의도공원|한강시민공원반포지구|사육신공원|물새 어린이공원,5,POI072|POI063|POI103|POI105|POI126,여의도|노량진|양화한강공원|여의도한강공원|여의서로,발달상권|공원,POI072,여의도,0.0,32.792,18.954,0.03303,0.01926,0.3874,0.00261,"300m 내 화장실 43개, 300m 내 음수대 44개, 700m 내 음수대 80개","경로와 겹치는 실시간 주요장소 5개 (여의도, 노량진, 양화한강공원, 여의도한강공원)",81.3,375,136,0,0,4,0,0,강서구|동작구|마포구|영등포구|용산구,매우양호,17.8,10.8,0.0454,0.0076,0.28,0.002,62.8,보통,202608271500.0,강서구|동작구|마포구|영등포구|용산구,"현재 PM10 18, PM2.5 11, 통합대기지수 63",26.5,87.3,10.3,12.7,footway:166|cycleway:162|trunk:56|path:55|pedestrian:46,6.9,2.4,97.6,95.2,611,642,43.7,0.0,0.0,0.0,,0.3,58.3,84.6,asphalt:253|dirt:41|paving_stones:33|concrete:14|ground:8,13.8,,"OSM 경로매칭 95%, 포장 85%, 비포장 14%, 조명 있음 98%"
RM_STREAM_007,굴포천2,서울,37.5537149,126.7672075,2.36,쉬움,평지,하천|수변|도심,힐링|시원함|평지러닝|일상러닝,,0,,굴포천2 시작,굴포천2 종료,서울 열린데이터 지천/한강길 선형 공간정보 기반 러닝 후보 코스입니다.,서울 열린데이터 지천/한강길 SHP (DoDreamWay04_L_W_SHP.zip),공식 SHP 경로 기반. 고도·편의시설·대기질·난이도는 공간분석/통계 파생값이며 현장 검증 권장.,3.0,9.2,6.0,5.0,11.9,0.11,8.66,80,쉬움,쉬움,"최저 3m, 최고 9m, 누적상승 5m, 최대경사 약 8.7%",0,0,쌈지어린이공원,4192.8,,0,,,,POI061,김포공항,2233.7,,,,,,,"300m 내 화장실 0개, 300m 내 음수대 0개, 700m 내 음수대 0개","경로와 겹치는 실시간 주요장소 0개, 가장 가까운 장소 김포공항",0.0,0,0,0,0,0,0,0,,검토필요,,,,,,,,,,,,62.5,100.0,77.1,0.0,cycleway:60|unclassified:18|track:15|primary:3,0.0,0.0,0.0,100.0,96,96,0.0,0.0,0.0,0.0,,0.0,82.3,77.2,concrete:60|unpaved:18|asphalt:1,22.8,grade4:1,"OSM 경로매칭 100%, 포장 77%, 비포장 23%, 조명정보 부족"
RM_STREAM_008,당현천 길,노원구,37.6493418,127.0658754,2.87,쉬움,평지,하천|수변|도심,힐링|시원함|평지러닝|일상러닝,,23,,당현천 길 시작,당현천 길 종료,주변 학교 주거지역과 인접해있어 접근성이 좋아 인근 주민들이       자주 이용한다.,서울 열린데이터 지천/한강길 SHP (DoDreamWay04_L_W_SHP.zip),공식 SHP 경로 기반. 고도·편의시설·대기질·난이도는 공간분석/통계 파생값이며 현장 검증 권장.,19.1,40.1,25.3,2.2,9.8,0.73,5.38,97,쉬움,쉬움,"최저 19m, 최고 40m, 누적상승 2m, 최대경사 약 5.4%",7,18,로보카폴리어린이교통공원,48.3,노원구-당현어린이공원-1|매봉어린이공원|중계근린공원|느티울근린공원|사랑어린이공원|등나무문화공원|감나무어린이공원|로보카폴리어린이교통공원|마들체육공원|가재울근린공원,0,,,,POI079,창동 신경제 중심지,382.9,33.076,18.581,0.03253,0.01758,0.3905,0.00242,"300m 내 화장실 23개, 300m 내 음수대 7개, 700m 내 음수대 18개","경로와 겹치는 실시간 주요장소 0개, 가장 가까운 장소 창동 신경제 중심지",72.0,86,1,0,0,1,0,0,노원구,양호,21.0,14.0,0.044,0.005,0.2,0.002,61.0,보통,202608271500.0,노원구,"현재 PM10 21, PM2.5 14, 통합대기지수 61",70.7,100.0,19.8,0.0,cycleway:82|pedestrian:24|footway:4|residential:2|secondary:2,0.0,0.0,0.0,100.0,116,116,24.1,0.0,0.0,0.0,,0.0,72.4,98.8,asphalt:83|wood:1,0.0,,"OSM 경로매칭 100%, 포장 99%, 비포장 0%, 조명정보 부족"
RM_STREAM_009,도림천,관악구|구로구|동작구|양천구|영등포구,37.4855319,126.908322,9.79,쉬움,평지,하천|수변|도심,힐링|시원함|평지러닝|일상러닝,보라매공원,59,,도림천 시작,도림천 종료,서울 열린데이터 지천/한강길 선형 공간정보 기반 러닝 후보 코스입니다.,서울 열린데이터 지천/한강길 SHP (DoDreamWay04_L_W_SHP.zip),공식 SHP 경로 기반. 고도·편의시설·대기질·난이도는 공간분석/통계 파생값이며 현장 검증 권장.,6.1,46.8,20.7,47.4,26.7,0.4,7.31,328,쉬움,쉬움,"최저 6m, 최고 47m, 누적상승 47m, 최대경사 약 7.3%",30,62,도림천,13.3,색동 어린이공원|보라매공원|장군봉 근린공원|서원어린이공원|신우공원|해태 어린이공원|차없는거리|봉림교아래도림천|대림생태공원|도림천,3,POI023|POI038|POI125,대림역|신도림역|안양천,인구밀집지역|공원,POI023,대림역,0.0,32.5,19.096,0.03281,0.01847,0.377,0.00252,"300m 내 화장실 59개, 300m 내 음수대 30개, 700m 내 음수대 62개","경로와 겹치는 실시간 주요장소 3개 (대림역, 신도림역, 안양천)",100.0,376,46,0,0,0,0,0,관악구|구로구|동작구|양천구|영등포구,매우양호,18.6,10.6,0.0518,0.007,0.26,0.002,68.2,보통,202608271500.0,관악구|구로구|동작구|양천구|영등포구,"현재 PM10 19, PM2.5 11, 통합대기지수 68",64.6,79.7,16.4,20.3,cycleway:252|footway:35|secondary:34|construction:34|tertiary:13,1.0,0.0,100.0,99.2,390,393,10.3,0.0,100.0,0.3,good:1,0.0,1.3,100.0,asphalt:3|concrete:1|paving_stones:1,0.0,,"OSM 경로매칭 99%, 포장 100%, 비포장 0%, 조명 있음 100%"
RM_STREAM_010,도봉천 길,도봉구,37.6851271,127.0411782,1.2,쉬움,평지,하천|수변|도심,힐링|시원함|평지러닝|일상러닝,,6,,도봉천 길 시작,도봉천 길 종료,도봉산에서 발원하여 도봉동에서 중랑천으로 합류하는 하천으로 다양한 행사과 공연이 펼쳐짐.,서울 열린데이터 지천/한강길 SHP (DoDreamWay04_L_W_SHP.zip),공식 SHP 경로 기반. 고도·편의시설·대기질·난이도는 공간분석/통계 파생값이며 현장 검증 권장.,31.4,63.5,44.0,0.0,23.8,2.67,13.52,42,쉬움,쉬움,"최저 31m, 최고 64m, 누적상승 0m, 최대경사 약 13.5%",2,7,서원어린이공원,59.6,도봉산역만남의광장|서울창포원|무수천|서원어린이공원|누원어린이공원|무지개어린이공원|새동네어린이공원,0,,,,POI079,창동 신경제 중심지,2102.0,29.179,15.754,0.03664,0.01376,0.4128,0.00279,"300m 내 화장실 6개, 300m 내 음수대 2개, 700m 내 음수대 7개","경로와 겹치는 실시간 주요장소 0개, 가장 가까운 장소 창동 신경제 중심지",95.3,79,0,0,0,0,0,0,도봉구,매우양호,15.0,8.0,0.053,0.004,0.2,0.003,69.0,보통,202608271500.0,도봉구,"현재 PM10 15, PM2.5 8, 통합대기지수 69",4.4,100.0,4.4,0.0,footway:27|residential:11|service:4|cycleway:2|pedestrian:1,4.4,0.0,100.0,90.0,45,50,62.2,0.0,0.0,0.0,,0.0,100.0,73.3,asphalt:30|wood:12|paving_stones:3,0.0,,"OSM 경로매칭 90%, 포장 73%, 비포장 0%, 조명 있음 100%"
RM_STREAM_011,도봉천길,노원구|도봉구,37.6793637,127.0426167,1.59,쉬움,평지,하천|수변|도심,힐링|시원함|평지러닝|일상러닝,,11,,도봉천길 시작,도봉천길 종료,도봉산에서 발원하여 도봉동에서 중랑천으로 합류하는 하천으로 다양한 행사과 공연이 펼쳐짐.,서울 열린데이터 지천/한강길 SHP (DoDreamWay04_L_W_SHP.zip),공식 SHP 경로 기반. 고도·편의시설·대기질·난이도는 공간분석/통계 파생값이며 현장 검증 권장.,26.0,41.0,32.9,0.0,3.1,0.89,3.91,54,쉬움,쉬움,"최저 26m, 최고 41m, 누적상승 0m, 최대경사 약 3.9%",2,6,무수천,32.7,늘푸른어린이공원|무수천|서원어린이공원|누원어린이공원|무지개어린이공원|샘터어린이공원,0,,,,POI079,창동 신경제 중심지,1910.1,31.127,17.167,0.03458,0.01567,0.4017,0.00261,"300m 내 화장실 11개, 300m 내 음수대 2개, 700m 내 음수대 6개","경로와 겹치는 실시간 주요장소 0개, 가장 가까운 장소 창동 신경제 중심지",100.0,106,0,0,0,0,0,0,도봉구,매우양호,18.0,11.0,0.0485,0.0045,0.2,0.0025,65.0,보통,202608271500.0,노원구|도봉구,"현재 PM10 18, PM2.5 11, 통합대기지수 65",63.1,100.0,63.1,0.0,cycleway:41|footway:16|residential:5|path:2|secondary:1,60.0,0.0,100.0,100.0,65,65,27.7,0.0,100.0,6.2,good:4,0.0,100.0,95.4,asphalt:62|stone:2|wood:1,0.0,,"OSM 경로매칭 100%, 포장 95%, 비포장 0%, 조명 있음 100%"
RM_STREAM_012,반포천,동작구|서초구,37.4989643,126.9890196,2.56,쉬움,평지,하천|수변|도심,힐링|시원함|평지러닝|일상러닝,,14,,반포천 시작,반포천 종료,서울 열린데이터 지천/한강길 선형 공간정보 기반 러닝 후보 코스입니다.,서울 열린데이터 지천/한강길 SHP (DoDreamWay04_L_W_SHP.zip),공식 SHP 경로 기반. 고도·편의시설·대기질·난이도는 공간분석/통계 파생값이며 현장 검증 권장.,9.8,21.4,14.3,16.8,14.5,0.21,11.56,87,쉬움,쉬움,"최저 10m, 최고 21m, 누적상승 17m, 최대경사 약 11.6%",3,16,신반포근린공원,54.9,현충원|동작주차근린공원|한강시민공원반포지구|파랑새어린이공원|청룡어린이공원|반포배수지몽마르뜨공원|신반포근린공원|서래어린이공원,0,,,,POI095,반포한강공원,70.6,34.051,18.779,0.03308,0.01758,0.3753,0.00244,"300m 내 화장실 14개, 300m 내 음수대 3개, 700m 내 음수대 16개","경로와 겹치는 실시간 주요장소 0개, 가장 가까운 장소 반포한강공원",97.2,64,24,0,0,0,0,0,동작구|서초구,매우양호,18.5,8.5,0.054,0.0065,0.3,0.0025,70.0,보통,202608271500.0,동작구|서초구,"현재 PM10 18, PM2.5 8, 통합대기지수 70",39.4,0.0,0.0,0.0,cycleway:41|footway:35|primary:8|service:7|primary_link:4,0.0,0.0,0.0,100.0,104,104,34.6,0.0,100.0,1.9,excellent:2,0.0,7.7,100.0,asphalt:8,0.0,,"OSM 경로매칭 100%, 포장 100%, 비포장 0%, 조명정보 부족"
RM_STREAM_013,불광천긴,마포구|서대문구|은평구,37.58043,126.9062978,4.55,쉬움,평지,하천|수변|도심,힐링|시원함|평지러닝|일상러닝,신사근린공원,43,,불광천긴 시작,불광천긴 종료,도심에서 만난 불광천이 한강에 닿을 때 까지 함께 걷는 길,서울 열린데이터 지천/한강길 SHP (DoDreamWay04_L_W_SHP.zip),공식 SHP 경로 기반. 고도·편의시설·대기질·난이도는 공간분석/통계 파생값이며 현장 검증 권장.,6.3,17.4,12.8,7.8,22.8,0.07,7.13,153,쉬움,쉬움,"최저 6m, 최고 17m, 누적상승 8m, 최대경사 약 7.1%",19,50,불광천 음수대,3.8,응암새싹어린이공원|매바위어린이공원|포수동어린이공원|거꾸로 어린이 공원|참다래 어린이공원|응암행복어린이공원|다래어린이공원|응암4동어린이공원|신사근린공원|역촌동 청사부속시설 놀이터,1,POI084,DMC(디지털미디어시티),발달상권,POI084,DMC(디지털미디어시티),0.0,30.456,17.055,0.03321,0.01571,0.4418,0.00293,"300m 내 화장실 43개, 300m 내 음수대 19개, 700m 내 음수대 50개",경로와 겹치는 실시간 주요장소 1개 (DMC(디지털미디어시티)),100.0,109,2,0,0,0,0,0,마포구|서대문구|은평구,매우양호,19.5,11.5,0.046,0.006,0.25,0.002,63.0,보통,202608271500.0,마포구|서대문구|은평구,"현재 PM10 20, PM2.5 12, 통합대기지수 63",73.8,0.0,0.0,0.0,cycleway:135|footway:37|secondary:5|steps:4|trunk:1,50.8,7.5,92.5,100.0,183,183,20.2,0.0,0.0,0.0,,2.2,86.3,99.4,asphalt:86|concrete:57|paving_stones:8|paved:6|wood:1,0.0,,"OSM 경로매칭 100%, 포장 99%, 비포장 0%, 조명 있음 92%"
RM_STREAM_014,성북천 길,동대문구|성동구|성북구|종로구,37.5850599,127.0211995,3.66,쉬움,평지,하천|수변|도심,힐링|시원함|평지러닝|일상러닝,,28,,성북천 길 시작,성북천 길 종료,서울특별시의 북쪽에 위치한 북악산의 동쪽에서 발원하여 남쪽으로 흘러 동대문구 신설동에서 청계천과 합류.,서울 열린데이터 지천/한강길 SHP (DoDreamWay04_L_W_SHP.zip),공식 SHP 경로 기반. 고도·편의시설·대기질·난이도는 공간분석/통계 파생값이며 현장 검증 권장.,14.8,40.8,25.7,0.0,7.4,0.71,5.11,124,쉬움,쉬움,"최저 15m, 최고 41m, 누적상승 0m, 최대경사 약 5.1%",8,20,성북천공원,7.8,성북구-범바위 어린이공원|정릉천|숭인공원|성북천공원|성동구-견우어린이공원|꿈나라어린이공원|성동구-꽃재어린이공원|용두5구역어린이공원|성북천|동망봉어린이공원,0,,,,POI035,성신여대입구역,20.2,31.349,18.401,0.03228,0.01844,0.4132,0.00276,"300m 내 화장실 28개, 300m 내 음수대 8개, 700m 내 음수대 20개","경로와 겹치는 실시간 주요장소 0개, 가장 가까운 장소 성신여대입구역",100.0,355,80,0,0,0,0,0,동대문구|성동구|성북구,매우양호,20.75,10.5,0.0545,0.0087,0.25,0.0033,70.25,보통,202608271500.0,동대문구|성동구|성북구|종로구,"현재 PM10 21, PM2.5 10, 통합대기지수 70",62.8,100.0,7.4,0.0,cycleway:93|residential:24|footway:17|primary:6|tertiary:4,62.8,0.0,100.0,100.0,148,148,13.5,0.0,0.0,0.0,,0.0,68.9,99.0,asphalt:101|wood:1,0.0,,"OSM 경로매칭 100%, 포장 99%, 비포장 0%, 조명 있음 100%"
RM_STREAM_015,영등포구동작한강길,영등포구,37.5268384,126.9126174,3.87,쉬움,평지,한강|수변|도심,시원함|개방감|야경|퇴근러닝|장거리,중마루근린공원|자매근린공원,7,,영등포구동작한강길 시작,영등포구동작한강길 종료,서울 열린데이터 지천/한강길 선형 공간정보 기반 러닝 후보 코스입니다.,서울 열린데이터 지천/한강길 SHP (DoDreamWay04_L_W_SHP.zip),공식 SHP 경로 기반. 고도·편의시설·대기질·난이도는 공간분석/통계 파생값이며 현장 검증 권장.,5.2,16.8,10.5,13.4,20.8,0.05,8.85,130,쉬움,쉬움,"최저 5m, 최고 17m, 누적상승 13m, 최대경사 약 8.8%",8,14,한강시민공원(여의도안내센터),5.4,앙카라(자매)공원|한강시민공원(여의도안내센터)|중마루공원|여의도공원|노량진근린공원|영등포공원,3,POI072|POI105|POI126,여의도|여의도한강공원|여의서로,발달상권|공원,POI072,여의도,0.0,30.763,19.64,0.03342,0.01972,0.3882,0.0026,"300m 내 화장실 7개, 300m 내 음수대 8개, 700m 내 음수대 14개","경로와 겹치는 실시간 주요장소 3개 (여의도, 여의도한강공원, 여의서로)",80.5,97,35,0,0,0,0,0,영등포구,매우양호,17.0,13.0,0.042,0.009,0.3,0.002,60.0,보통,202608271500.0,영등포구,"현재 PM10 17, PM2.5 13, 통합대기지수 60",0.0,0.0,1.3,100.0,footway:58|path:41|secondary:39|service:6|primary:5,11.5,0.0,100.0,100.0,156,156,63.5,0.0,0.0,0.0,,0.0,47.4,44.6,dirt:41|asphalt:31|concrete:2,55.4,,"OSM 경로매칭 100%, 포장 45%, 비포장 55%, 조명 있음 100%"
RM_STREAM_016,독정천,강남구|송파구,37.4676329,127.1236333,2.8,쉬움,평지,하천|수변|도심,힐링|시원함|평지러닝|일상러닝,,6,,독정천 시작,독정천 종료,서울 열린데이터 지천/한강길 선형 공간정보 기반 러닝 후보 코스입니다.,서울 열린데이터 지천/한강길 SHP (DoDreamWay04_L_W_SHP.zip),공식 SHP 경로 기반. 고도·편의시설·대기질·난이도는 공간분석/통계 파생값이며 현장 검증 권장.,13.8,22.7,18.9,2.5,16.5,0.24,8.19,95,쉬움,쉬움,"최저 14m, 최고 23m, 누적상승 2m, 최대경사 약 8.2%",1,8,글샘근린공원,299.2,글샘근린공원|율현공원|문정법조단지공원,1,POI048,장지역,인구밀집지역,POI048,장지역,0.0,31.918,17.842,0.03109,0.01898,0.378,0.0025,"300m 내 화장실 6개, 300m 내 음수대 1개, 700m 내 음수대 8개",경로와 겹치는 실시간 주요장소 1개 (장지역),34.6,19,1,0,0,0,0,0,강남구|송파구,검토필요,20.0,17.5,0.0645,0.0105,0.25,0.002,78.0,보통,202608271500.0,강남구|송파구,"현재 PM10 20, PM2.5 18, 통합대기지수 78",41.3,66.7,2.8,33.3,cycleway:45|footway:20|trunk:18|trunk_link:8|tertiary:8,0.0,0.0,0.0,95.6,109,114,18.3,0.0,0.0,0.0,,0.0,25.7,100.0,asphalt:28,0.0,,"OSM 경로매칭 96%, 포장 100%, 비포장 0%, 조명정보 부족"
RM_STREAM_017,망월천 길,강동구,37.5650873,127.1884586,4.0,쉬움,평지,하천|수변|도심,힐링|시원함|평지러닝|일상러닝,,1,,망월천 길 시작,망월천 길 종료,서울 열린데이터 지천/한강길 선형 공간정보 기반 러닝 후보 코스입니다.,서울 열린데이터 지천/한강길 SHP (DoDreamWay04_L_W_SHP.zip),공식 SHP 경로 기반. 고도·편의시설·대기질·난이도는 공간분석/통계 파생값이며 현장 검증 권장.,16.4,27.1,19.5,2.4,-0.0,0.26,4.72,135,쉬움,쉬움,"최저 16m, 최고 27m, 누적상승 2m, 최대경사 약 4.7%",0,0,동명공원,861.2,,0,,,,POI087,광나루한강공원,722.4,34.355,20.844,0.03321,0.01691,0.5304,0.00269,"300m 내 화장실 1개, 300m 내 음수대 0개, 700m 내 음수대 0개","경로와 겹치는 실시간 주요장소 0개, 가장 가까운 장소 광나루한강공원",17.3,22,0,0,0,0,0,0,강동구,검토필요,25.0,10.0,0.069,0.014,0.3,0.002,82.0,보통,202608271500.0,강동구,"현재 PM10 25, PM2.5 10, 통합대기지수 82",4.4,100.0,4.4,0.0,footway:119|construction:23|cycleway:7|primary:2|secondary:2,0.0,0.0,0.0,98.8,159,161,76.1,0.0,100.0,1.3,intermediate:2,0.6,11.3,66.7,concrete:10|dirt:4|asphalt:2|포장/보도블럭:2,22.2,,"OSM 경로매칭 99%, 포장 67%, 비포장 22%, 조명정보 부족"
RM_STREAM_018,방학천길,도봉구,37.661732,127.040426,1.96,쉬움,평지,하천|수변|도심,힐링|시원함|평지러닝|일상러닝,발바닥공원,13,,방학천길 시작,방학천길 종료,북한산에서 흘러내려와서 중랑천으로 합쳐지는 하천으로 산책로 코스임.,서울 열린데이터 지천/한강길 SHP (DoDreamWay04_L_W_SHP.zip),공식 SHP 경로 기반. 고도·편의시설·대기질·난이도는 공간분석/통계 파생값이며 현장 검증 권장.,18.0,38.1,28.8,0.0,7.0,0.86,6.04,67,쉬움,쉬움,"최저 18m, 최고 38m, 누적상승 0m, 최대경사 약 6.0%",7,17,발바닥공원,12.2,개나리어린이공원|사슴어린이공원|뒷말어린이공원|노해어린이공원|소망어린이공원|발바닥공원|방학3동가로공원|무궁화어린이공원|금성윗돌공원|노원구-용화어린이공원-1,1,POI079,창동 신경제 중심지,발달상권,POI079,창동 신경제 중심지,0.0,29.179,15.754,0.03664,0.01376,0.4128,0.00279,"300m 내 화장실 13개, 300m 내 음수대 7개, 700m 내 음수대 17개",경로와 겹치는 실시간 주요장소 1개 (창동 신경제 중심지),91.0,111,3,0,0,0,0,0,도봉구,매우양호,15.0,8.0,0.053,0.004,0.2,0.003,69.0,보통,202608271500.0,도봉구,"현재 PM10 15, PM2.5 8, 통합대기지수 69",60.0,100.0,48.8,0.0,cycleway:48|footway:25|residential:3|trunk:2|primary:1,52.5,0.0,100.0,100.0,80,80,31.2,0.0,0.0,0.0,,0.0,58.8,97.9,asphalt:44|concrete:2|wood:1,0.0,,"OSM 경로매칭 100%, 포장 98%, 비포장 0%, 조명 있음 100%"
RM_STREAM_019,세곡천,강남구,37.4640468,127.1015521,3.87,쉬움,평지,하천|수변|도심,힐링|시원함|평지러닝|일상러닝,,8,,세곡천 시작,세곡천 종료,서울 열린데이터 지천/한강길 선형 공간정보 기반 러닝 후보 코스입니다.,서울 열린데이터 지천/한강길 SHP (DoDreamWay04_L_W_SHP.zip),공식 SHP 경로 기반. 고도·편의시설·대기질·난이도는 공간분석/통계 파생값이며 현장 검증 권장.,13.8,42.1,24.3,0.0,2.2,0.73,4.02,131,쉬움,쉬움,"최저 14m, 최고 42m, 누적상승 0m, 최대경사 약 4.0%",3,3,헌인릉공원,154.5,헌인릉공원|행복공원,0,,,,POI048,장지역,1366.2,32.047,18.078,0.0317,0.01845,0.3805,0.00246,"300m 내 화장실 8개, 300m 내 음수대 3개, 700m 내 음수대 3개","경로와 겹치는 실시간 주요장소 0개, 가장 가까운 장소 장지역",93.4,76,12,0,0,0,0,0,강남구|서초구,매우양호,18.5,8.0,0.0605,0.007,0.25,0.0025,75.0,보통,202608271500.0,강남구|서초구,"현재 PM10 18, PM2.5 8, 통합대기지수 75",34.5,100.0,34.5,0.0,cycleway:50|pedestrian:28|footway:26|service:18|primary:10,0.0,0.0,0.0,92.9,145,156,37.9,0.0,0.0,0.0,,0.0,2.1,100.0,asphalt:3,0.0,,"OSM 경로매칭 93%, 포장 100%, 비포장 0%, 조명정보 부족"
RM_STREAM_020,고덕천 길,강동구,37.5587052,127.1720753,4.07,쉬움,평지,하천|수변|도심,힐링|시원함|평지러닝|일상러닝,동명근린공원,16,,고덕천 길 시작,고덕천 길 종료,서울 열린데이터 지천/한강길 선형 공간정보 기반 러닝 후보 코스입니다.,서울 열린데이터 지천/한강길 SHP (DoDreamWay04_L_W_SHP.zip),공식 SHP 경로 기반. 고도·편의시설·대기질·난이도는 공간분석/통계 파생값이며 현장 검증 권장.,14.8,26.3,20.0,11.8,20.5,0.26,7.22,137,쉬움,쉬움,"최저 15m, 최고 26m, 누적상승 12m, 최대경사 약 7.2%",4,11,게내수변공원,43.5,고덕수변생태공원|샘터근린공원|한우물어린이공원|동명공원|말우물어린이공원|게내수변공원|능골근린공원,0,,,,POI087,광나루한강공원,22.7,34.355,20.844,0.03321,0.01691,0.5304,0.00269,"300m 내 화장실 16개, 300m 내 음수대 4개, 700m 내 음수대 11개","경로와 겹치는 실시간 주요장소 0개, 가장 가까운 장소 광나루한강공원",69.4,103,67,0,0,0,0,0,강동구,양호,25.0,10.0,0.069,0.014,0.3,0.002,82.0,보통,202608271500.0,강동구,"현재 PM10 25, PM2.5 10, 통합대기지수 82",37.8,72.2,32.9,27.8,footway:66|cycleway:62|unclassified:27|tertiary:5|service:2,0.0,0.0,0.0,100.0,164,164,40.2,0.0,0.0,0.0,,0.0,14.0,100.0,asphalt:14|paved:8|paving_stones:1,0.0,,"OSM 경로매칭 100%, 포장 100%, 비포장 0%, 조명정보 부족"
RM_STREAM_021,마포한강길,마포구|용산구,37.5660952,126.898011,15.59,보통,평지|완만한경사,한강|수변|도심,시원함|개방감|야경|퇴근러닝|장거리,외국인묘지공원,53,,마포한강길 시작,마포한강길 종료,난지한강공원과 한강시민공원 망원지구를 가로지르는 걷기 좋은 한강 수변 길. 넓게 펼쳐진 한강과 철새도래지인 밤섬이 운치를 더한다.,서울 열린데이터 지천/한강길 SHP (DoDreamWay04_L_W_SHP.zip),공식 SHP 경로 기반. 고도·편의시설·대기질·난이도는 공간분석/통계 파생값이며 현장 검증 권장.,3.0,22.5,11.3,49.2,54.5,0.03,7.48,521,보통,보통,"최저 3m, 최고 22m, 누적상승 49m, 최대경사 약 7.5%",46,77,한강시민공원망원지구,0.0,와우근린공원(서강 어린이)|와우 어린이공원|현석어린이공원|현석동 마을마당|서강나루문화공원|한강시민공원망원지구|경의선숲길|도화소 어린이공원|대흥어린이공원|복사꽃 공원,3,POI090|POI094|POI106,난지한강공원|망원한강공원|월드컵공원,공원,POI090,난지한강공원,0.0,32.251,18.786,0.03103,0.01958,0.4006,0.00272,"300m 내 화장실 53개, 300m 내 음수대 46개, 700m 내 음수대 77개","경로와 겹치는 실시간 주요장소 3개 (난지한강공원, 망원한강공원, 월드컵공원)",78.3,307,236,0,0,0,0,0,마포구|용산구,양호,20.5,9.0,0.046,0.008,0.3,0.002,63.0,보통,202608271500.0,마포구|용산구,"현재 PM10 20, PM2.5 9, 통합대기지수 63",52.9,72.2,8.9,27.8,cycleway:322|footway:146|service:45|trunk_link:29|pedestrian:26,9.5,1.7,98.3,97.4,609,625,28.4,0.0,0.0,0.0,,0.3,61.7,100.0,asphalt:349|paving_stones:26|concrete:1,0.0,,"OSM 경로매칭 97%, 포장 100%, 비포장 0%, 조명 있음 98%"
RM_STREAM_022,목감천,구로구,37.4839699,126.8546457,3.91,쉬움,평지,하천|수변|도심,힐링|시원함|평지러닝|일상러닝,,9,,목감천 시작,목감천 종료,서울 열린데이터 지천/한강길 선형 공간정보 기반 러닝 후보 코스입니다.,서울 열린데이터 지천/한강길 SHP (DoDreamWay04_L_W_SHP.zip),공식 SHP 경로 기반. 고도·편의시설·대기질·난이도는 공간분석/통계 파생값이며 현장 검증 권장.,6.1,14.5,10.3,6.5,5.8,0.1,5.61,132,쉬움,쉬움,"최저 6m, 최고 14m, 누적상승 6m, 최대경사 약 5.6%",3,11,목감천,34.0,목감천|안양천둔치공원|개웅어린이공원|개웅산근린공원|개봉동과장미공원|연지소공원|버들어린이공원|연지공원|천왕근린공원,0,,,,POI086,고척돔,80.1,35.753,20.88,0.03229,0.01553,0.3483,0.00257,"300m 내 화장실 9개, 300m 내 음수대 3개, 700m 내 음수대 11개","경로와 겹치는 실시간 주요장소 0개, 가장 가까운 장소 고척돔",19.5,15,4,0,0,0,0,0,구로구,검토필요,17.0,7.0,0.053,0.004,0.2,0.002,69.0,보통,202608271500.0,구로구,"현재 PM10 17, PM2.5 7, 통합대기지수 69",88.6,0.0,4.4,100.0,cycleway:140|footway:12|primary:3|secondary:1|residential:1,0.0,0.0,0.0,100.0,158,158,7.6,0.0,0.0,0.0,,0.0,0.0,0.0,,0.0,,"OSM 경로매칭 100%, 노면정보 부족, 조명정보 부족"
RM_STREAM_023,묵동천 길,노원구|성북구|중랑구,37.6200554,127.0874388,3.04,쉬움,평지,하천|수변|도심,힐링|시원함|평지러닝|일상러닝,,24,,묵동천 길 시작,묵동천 길 종료,노원구와 중랑구를 통과하는 하천길로 지하철역과 주변 아파트로인해 접근성이 좋아 인근 주민들이 많이 이용한다.,서울 열린데이터 지천/한강길 SHP (DoDreamWay04_L_W_SHP.zip),공식 SHP 경로 기반. 고도·편의시설·대기질·난이도는 공간분석/통계 파생값이며 현장 검증 권장.,12.2,28.9,24.1,3.3,7.3,0.55,6.07,103,쉬움,쉬움,"최저 12m, 최고 29m, 누적상승 3m, 최대경사 약 6.1%",6,17,중랑천변공원,3.9,샛별어린이공원|새나라어린이공원|노원구-개미어린이공원-1|중랑구-묵동어린이공원|봉화산 유아숲체험장|소망어린이공원|한내공원|중랑천변공원|수림대공원|구화랑대역철도공원,0,,,,POI096,북서울꿈의숲,2372.7,31.461,18.435,0.03122,0.01701,0.4162,0.00276,"300m 내 화장실 24개, 300m 내 음수대 6개, 700m 내 음수대 17개","경로와 겹치는 실시간 주요장소 0개, 가장 가까운 장소 북서울꿈의숲",98.8,80,9,0,0,0,0,0,노원구|중랑구,매우양호,21.6667,13.0,0.0487,0.0083,0.2333,0.0027,65.3333,보통,202608271500.0,노원구|성북구|중랑구,"현재 PM10 22, PM2.5 13, 통합대기지수 65",41.5,100.0,43.1,0.0,cycleway:51|trunk:32|footway:19|service:9|path:5,0.8,0.0,100.0,100.0,123,123,19.5,0.0,0.0,0.0,,0.0,53.7,87.9,asphalt:53|paving_stones:5|earth:5|wood:3,7.6,,"OSM 경로매칭 100%, 포장 88%, 비포장 8%, 조명 있음 100%"
RM_STREAM_024,성내천 길,강동구|송파구,37.5174191,127.1307767,6.1,쉬움,평지,하천|수변|도심,힐링|시원함|평지러닝|일상러닝,오금근린공원|올림픽공원,32,,성내천 길 시작,성내천 길 종료,서울 열린데이터 지천/한강길 선형 공간정보 기반 러닝 후보 코스입니다.,서울 열린데이터 지천/한강길 SHP (DoDreamWay04_L_W_SHP.zip),공식 SHP 경로 기반. 고도·편의시설·대기질·난이도는 공간분석/통계 파생값이며 현장 검증 권장.,7.5,29.6,17.3,20.6,12.7,0.36,6.77,205,쉬움,쉬움,"최저 8m, 최고 30m, 누적상승 21m, 최대경사 약 6.8%",19,41,성내천 음수대,27.3,한강시민공원(잠실지구)|올림픽공원|태양근린공원|오금공원|아랫말어린이공원|샛팽이어린이공원|벌말어린이공원|성내천 음수대|꿈나무어린이공원|거여공원,2,POI005|POI127,잠실 관광특구|올림픽공원,관광특구|공원,POI005,잠실 관광특구,0.0,33.071,19.226,0.03185,0.01821,0.4529,0.00261,"300m 내 화장실 32개, 300m 내 음수대 19개, 700m 내 음수대 41개","경로와 겹치는 실시간 주요장소 2개 (잠실 관광특구, 올림픽공원)",80.7,153,18,0,0,0,0,0,송파구,매우양호,25.0,18.0,0.0655,0.0135,0.3,0.002,79.0,보통,202608271500.0,강동구|송파구,"현재 PM10 25, PM2.5 18, 통합대기지수 79",59.5,100.0,25.6,0.0,cycleway:135|footway:64|residential:9|service:5|living_street:4,22.0,0.0,100.0,92.3,227,246,29.1,0.0,100.0,0.4,intermediate:1,0.9,79.3,88.9,asphalt:147|rubber:15|paved:13|wood:4|asphalt;rubber:1,0.0,,"OSM 경로매칭 92%, 포장 89%, 비포장 0%, 조명 있음 100%"
RM_STREAM_025,성동광진한강길,광진구|성동구,37.5303254,127.0691579,13.25,보통,평지|완만한경사,한강|수변|도심,시원함|개방감|야경|퇴근러닝|장거리,달맞이근린공원,50,,성동광진한강길 시작,성동광진한강길 종료,서울숲과 뚝섬한강공원을 경유하며 한강변을 따라 걷는 코스,서울 열린데이터 지천/한강길 SHP (DoDreamWay04_L_W_SHP.zip),공식 SHP 경로 기반. 고도·편의시설·대기질·난이도는 공간분석/통계 파생값이며 현장 검증 권장.,3.5,25.1,11.7,101.8,103.1,0.08,11.09,443,보통,보통,"최저 4m, 최고 25m, 누적상승 102m, 최대경사 약 11.1%",33,50,한강시민공원(이촌안내센터),0.5,성동구-옥정소공원|한남더힐마을마당|달맞이근린공원|한강시민공원(이촌안내센터)|이촌한강공원|응봉근린공원|성동구-장미원공원|독서당공원|암벽공원|응봉개나리어린이공원,3,POI093|POI101|POI107,뚝섬한강공원|서울숲공원|응봉산,공원,POI093,뚝섬한강공원,0.0,30.317,17.691,0.03447,0.01778,0.4185,0.00278,"300m 내 화장실 50개, 300m 내 음수대 33개, 700m 내 음수대 50개","경로와 겹치는 실시간 주요장소 3개 (뚝섬한강공원, 서울숲공원, 응봉산)",90.9,119,65,0,0,0,0,0,광진구|성동구,매우양호,25.5,13.0,0.0645,0.0115,0.25,0.0025,78.5,보통,202608271500.0,광진구|성동구,"현재 PM10 26, PM2.5 13, 통합대기지수 78",71.8,94.4,74.6,5.6,cycleway:381|footway:49|trunk:27|primary:26|trunk_link:20,62.7,0.0,100.0,99.8,531,532,11.5,0.0,0.0,0.0,,0.2,81.9,99.5,asphalt:424|paving_stones:6|concrete:3|황토:2,0.0,,"OSM 경로매칭 100%, 포장 100%, 비포장 0%, 조명 있음 100%"
RM_STREAM_026,송파강동한강길,강동구|송파구,37.5546791,127.1235318,16.59,보통,평지|완만한경사,한강|수변|도심,시원함|개방감|야경|퇴근러닝|장거리,,37,,송파강동한강길 시작,송파강동한강길 종료,서울 열린데이터 지천/한강길 선형 공간정보 기반 러닝 후보 코스입니다.,서울 열린데이터 지천/한강길 SHP (DoDreamWay04_L_W_SHP.zip),공식 SHP 경로 기반. 고도·편의시설·대기질·난이도는 공간분석/통계 파생값이며 현장 검증 권장.,3.5,56.6,16.9,45.1,56.4,0.05,6.77,555,보통,보통,"최저 4m, 최고 57m, 누적상승 45m, 최대경사 약 6.8%",28,37,한강시민공원(잠실지구),0.6,한강시민공원(잠실지구)|광진교|풍납동토성|한강공원(광나루)|광진어린이공원|천호해공공원|새장터어린이공원|암사역사공원|고덕수변생태공원,2,POI087|POI110,광나루한강공원|잠실한강공원,공원,POI087,광나루한강공원,0.0,33.071,19.226,0.03185,0.01821,0.4529,0.00261,"300m 내 화장실 37개, 300m 내 음수대 28개, 700m 내 음수대 37개","경로와 겹치는 실시간 주요장소 2개 (광나루한강공원, 잠실한강공원)",84.5,170,152,0,0,0,0,0,강남구|강동구|광진구|송파구,매우양호,24.3333,15.75,0.0665,0.0115,0.25,0.002,79.75,보통,202608271500.0,강남구|강동구|광진구|송파구,"현재 PM10 24, PM2.5 16, 통합대기지수 80",69.2,87.3,15.4,12.7,cycleway:458|footway:73|trunk_link:32|motorway_link:24|track:20,17.7,18.8,81.2,99.5,662,665,11.6,0.0,100.0,2.6,excellent:17,0.3,76.3,99.6,asphalt:372|concrete:131|ground:2,0.4,,"OSM 경로매칭 100%, 포장 100%, 비포장 0%, 조명 있음 81%"
RM_STREAM_027,안양천길,강서구|구로구|금천구|양천구|영등포구,37.4927828,126.8695684,15.77,보통,평지|완만한경사,하천|수변|도심,힐링|시원함|평지러닝|일상러닝,갈산근린공원|용왕산근린공원,65,,안양천길 시작,안양천길 종료,서울 열린데이터 지천/한강길 선형 공간정보 기반 러닝 후보 코스입니다.,서울 열린데이터 지천/한강길 SHP (DoDreamWay04_L_W_SHP.zip),공식 SHP 경로 기반. 고도·편의시설·대기질·난이도는 공간분석/통계 파생값이며 현장 검증 권장.,3.0,16.3,10.0,45.6,37.7,0.02,6.71,527,보통,보통,"최저 3m, 최고 16m, 누적상승 46m, 최대경사 약 6.7%",38,55,안양천체육공원,18.0,안양천체육공원|목마근린공원|한강시민공원(양화지구)|목동근린공원|용왕산근린공원|차없는거리|안양천고수부지|오목근린공원|안양천둔치공원|해누리체육공원,1,POI125,안양천,공원,POI125,안양천,0.0,33.622,19.556,0.03249,0.01857,0.3815,0.00266,"300m 내 화장실 65개, 300m 내 음수대 38개, 700m 내 음수대 55개",경로와 겹치는 실시간 주요장소 1개 (안양천),63.2,114,55,0,0,0,0,0,강서구|구로구|금천구|양천구|영등포구,양호,17.6,10.8,0.0498,0.0076,0.24,0.0022,66.4,보통,202608271500.0,강서구|구로구|금천구|양천구|영등포구,"현재 PM10 18, PM2.5 11, 통합대기지수 66",55.8,66.2,11.4,33.8,cycleway:317|footway:177|secondary:26|trunk:18|primary_link:8,0.4,0.0,100.0,89.9,568,632,31.2,0.0,0.0,0.0,,0.0,23.8,97.8,asphalt:95|concrete:37|wood:3,0.0,,"OSM 경로매칭 90%, 포장 98%, 비포장 0%, 조명 있음 100%"
RM_STREAM_028,용산한강길,마포구|용산구,37.5156695,126.9752115,8.6,보통,평지|완만한경사,한강|수변|도심,시원함|개방감|야경|퇴근러닝|장거리,,30,,용산한강길 시작,용산한강길 종료,한강시민공원 이촌지구를 따라 걷는 한강 수변 길. 넓게 펼쳐진 한강과 아름다운 공원에 지루할 틈 없는 코스.,서울 열린데이터 지천/한강길 SHP (DoDreamWay04_L_W_SHP.zip),공식 SHP 경로 기반. 고도·편의시설·대기질·난이도는 공간분석/통계 파생값이며 현장 검증 권장.,3.0,19.2,9.6,64.0,49.1,0.04,11.92,288,보통,보통,"최저 3m, 최고 19m, 누적상승 64m, 최대경사 약 11.9%",24,38,한강시민공원망원지구,0.8,신용산초등학교|용산가족공원|한남더힐마을마당|한강시민공원(이촌지구)|이촌한우리공원|노들섬|도화소 어린이공원|복사꽃 공원|삼개어린이공원|토정 어린이공원,1,POI108,이촌한강공원,공원,POI108,이촌한강공원,0.0,32.251,18.786,0.03103,0.01958,0.4006,0.00272,"300m 내 화장실 30개, 300m 내 음수대 24개, 700m 내 음수대 38개",경로와 겹치는 실시간 주요장소 1개 (이촌한강공원),90.9,135,67,0,0,0,0,0,마포구|성동구|용산구,매우양호,21.3333,8.6667,0.051,0.0093,0.3,0.0023,67.3333,보통,202608271500.0,마포구|성동구|용산구,"현재 PM10 21, PM2.5 9, 통합대기지수 67",51.6,97.7,37.8,2.3,cycleway:176|footway:57|trunk:44|unclassified:21|primary:20,19.1,1.5,98.5,98.6,341,346,19.4,0.0,0.0,0.0,,0.3,79.5,100.0,asphalt:245|paved:21|paving_stones:5,0.0,,"OSM 경로매칭 99%, 포장 100%, 비포장 0%, 조명 있음 98%"
RM_STREAM_029,우이천 길,강북구|노원구|도봉구|성북구,37.6397671,127.0337463,7.73,쉬움,평지,하천|수변|도심,힐링|시원함|평지러닝|일상러닝,솔밭근린공원,44,,우이천 길 시작,우이천 길 종료,우이천을 따라 난 길로 도봉구 창제동에서 노원구 월계동에 이르는 폭 10~15m의 보조간선급 소로임.,서울 열린데이터 지천/한강길 SHP (DoDreamWay04_L_W_SHP.zip),공식 SHP 경로 기반. 고도·편의시설·대기질·난이도는 공간분석/통계 파생값이며 현장 검증 권장.,18.2,65.7,31.2,0.0,15.2,0.56,5.36,259,쉬움,쉬움,"최저 18m, 최고 66m, 누적상승 0m, 최대경사 약 5.4%",11,35,우이천,21.1,오동근린공원|오동근린공원(학구회입구)|오현어린이공원|벌말어린이공원|간대어린이공원|달래어린이공원|비석골근린공원|노원구-햇살어린이공원-1|샛별공원|우이천,3,POI036|POI070|POI096,수유역|쌍문역|북서울꿈의숲,인구밀집지역|공원,POI036,수유역,0.0,30.58,17.432,0.03373,0.01508,0.4089,0.00264,"300m 내 화장실 44개, 300m 내 음수대 11개, 700m 내 음수대 35개","경로와 겹치는 실시간 주요장소 3개 (수유역, 쌍문역, 북서울꿈의숲)",77.0,318,0,0,0,15,0,0,강북구|노원구|도봉구|성북구,양호,18.0,11.75,0.0475,0.0043,0.2,0.0025,64.25,보통,202608271500.0,강북구|노원구|도봉구|성북구,"현재 PM10 18, PM2.5 12, 통합대기지수 64",67.1,100.0,67.1,0.0,cycleway:208|footway:49|residential:33|path:9|secondary:7,0.0,0.0,0.0,99.7,310,311,18.7,0.0,0.0,0.0,,0.0,71.3,99.5,asphalt:216|paving_stones:4|wood:1,0.0,,"OSM 경로매칭 100%, 포장 100%, 비포장 0%, 조명정보 부족"
RM_STREAM_030,중랑천 길,광진구|노원구|도봉구|동대문구|성동구|성북구|중랑구,37.605087,127.0730286,21.64,보통,평지|완만한경사,하천|수변|도심,힐링|시원함|평지러닝|일상러닝,서울창포원|월천근린공원|달맞이근린공원,139,,중랑천 길 시작,중랑천 길 종료,경기도 양주시에서 발원하여 의정부를 지나 남류하여 한강으로 흘러드는 하천을 따라 산책로로 이용.,서울 열린데이터 지천/한강길 SHP (DoDreamWay04_L_W_SHP.zip),공식 SHP 경로 기반. 고도·편의시설·대기질·난이도는 공간분석/통계 파생값이며 현장 검증 권장.,3.5,29.7,14.8,46.1,54.1,0.06,5.66,723,보통,보통,"최저 4m, 최고 30m, 누적상승 46m, 최대경사 약 5.7%",75,136,중랑천변공원,0.2,달맞이근린공원|한강시민공원(이촌안내센터)|이촌한강공원|살곶이공원|응봉근린공원|성동구-장미원공원|독서당공원|암벽공원|응봉개나리어린이공원|응삼어린이공원,2,POI079|POI107,창동 신경제 중심지|응봉산,발달상권|공원,POI079,창동 신경제 중심지,0.0,31.138,17.871,0.03307,0.01692,0.4119,0.00273,"300m 내 화장실 139개, 300m 내 음수대 75개, 700m 내 음수대 136개","경로와 겹치는 실시간 주요장소 2개 (창동 신경제 중심지, 응봉산)",86.5,131,41,0,0,2,0,0,광진구|노원구|도봉구|동대문구|성동구|중랑구,매우양호,21.4286,12.2857,0.055,0.0084,0.2286,0.0027,70.5714,보통,202608271500.0,광진구|노원구|도봉구|동대문구|성동구|성북구|중랑구,"현재 PM10 21, PM2.5 12, 통합대기지수 71",58.9,97.2,47.0,2.8,cycleway:501|footway:273|trunk:70|secondary:4|primary:1,21.4,4.9,95.1,98.2,851,867,32.1,0.0,100.0,11.5,good:97|excellent:1,0.0,77.1,98.8,asphalt:635|paving_stones:11|stone:8|concrete:2,0.0,,"OSM 경로매칭 98%, 포장 99%, 비포장 0%, 조명 있음 95%"
RM_STREAM_031,청계천 길,동대문구|성동구|종로구|중구,37.5716623,127.0230903,8.18,보통,평지|완만한경사,하천|수변|도심,힐링|시원함|평지러닝|일상러닝,훈련원근린공원|탑골근린공원|용두근린공원,134,,청계천 길 시작,청계천 길 종료,서울의 한복판인 종로구와 중구와의 경계를 있는 하천으로 다양한 행사와 공연이 펼쳐짐.,서울 열린데이터 지천/한강길 SHP (DoDreamWay04_L_W_SHP.zip),공식 SHP 경로 기반. 고도·편의시설·대기질·난이도는 공간분석/통계 파생값이며 현장 검증 권장.,8.7,29.5,20.4,34.9,40.3,0.23,8.81,274,보통,보통,"최저 9m, 최고 30m, 누적상승 35m, 최대경사 약 8.8%",17,51,살곶이공원,0.1,쌍림어린이공원|낙산공원|동대문디자인프라자(DDP)|배재어린이공원|정동 근린공원|내수2근린공원|광화문광장|명동 문화공원|탑골공원|종묘,6,POI003|POI006|POI024|POI060|POI130|POI009,명동 관광특구|종로·청계 관광특구|동대문역|광장(전통)시장|시의회 앞|광화문·덕수궁,관광특구|인구밀집지역|발달상권|고궁·문화유산,POI003,명동 관광특구,0.0,31.324,18.917,0.03317,0.019,0.3885,0.00269,"300m 내 화장실 134개, 300m 내 음수대 17개, 700m 내 음수대 51개","경로와 겹치는 실시간 주요장소 6개 (명동 관광특구, 종로·청계 관광특구, 동대문역, 광장(전통)시장)",98.7,505,71,0,0,0,0,0,동대문구|성동구|종로구|중구,매우양호,22.0,11.6667,0.0573,0.01,0.2667,0.0033,72.6667,보통,202608271500.0,동대문구|성동구|종로구|중구,"현재 PM10 22, PM2.5 12, 통합대기지수 73",21.3,100.0,21.6,0.0,footway:218|cycleway:70|primary:19|trunk:7|trunk_link:4,33.7,20.7,79.3,100.0,329,329,67.8,0.0,100.0,0.3,excellent:1,0.3,46.5,96.7,asphalt:99|paving_stones:44|concrete:4|stepping_stones:3|wood:1,0.7,,"OSM 경로매칭 100%, 포장 97%, 비포장 1%, 조명 있음 79%"
RM_STREAM_032,홍제천길,마포구|서대문구,37.5716473,126.921134,5.96,쉬움,평지,하천|수변|도심,힐링|시원함|평지러닝|일상러닝,궁동근린공원|안산도시자연공원|경의선숲길,46,,홍제천길 시작,홍제천길 종료,도심에서 만난 홍제천이 한강에 닿을 때 까지 함께 걷는 길,서울 열린데이터 지천/한강길 SHP (DoDreamWay04_L_W_SHP.zip),공식 SHP 경로 기반. 고도·편의시설·대기질·난이도는 공간분석/통계 파생값이며 현장 검증 권장.,8.7,51.6,25.9,55.5,38.6,0.68,9.91,200,쉬움,쉬움,"최저 9m, 최고 52m, 누적상승 56m, 최대경사 약 9.9%",21,46,한강시민공원망원지구,1.3,백련근린공원(논골지구)|궁둥 근린공원(샘터)|홍연 어린이공원|서대문구-연남어린이공원|연서 어린이공원|홍제천변 음수대|연희푸르지오공원|서대문구-홍남어린이공원|정원소공원|궁동산 놀이터,2,POI094|POI128,망원한강공원|홍제폭포,공원,POI094,망원한강공원,0.0,30.047,17.919,0.03443,0.01691,0.4381,0.00303,"300m 내 화장실 46개, 300m 내 음수대 21개, 700m 내 음수대 46개","경로와 겹치는 실시간 주요장소 2개 (망원한강공원, 홍제폭포)",100.0,155,10,0,0,0,0,0,마포구|서대문구,매우양호,19.5,11.5,0.039,0.007,0.3,0.002,57.0,보통,202608271500.0,마포구|서대문구,"현재 PM10 20, PM2.5 12, 통합대기지수 57",62.9,100.0,11.2,0.0,cycleway:151|trunk:50|trunk_link:9|primary:7|secondary:6,42.9,1.0,99.0,100.0,240,240,2.5,0.0,0.0,0.0,,0.4,84.2,99.5,asphalt:201|wood:1,0.0,,"OSM 경로매칭 100%, 포장 100%, 비포장 0%, 조명 있음 99%"
RM_STREAM_033,정릉천 길,동대문구|성동구|성북구,37.5880076,127.0372941,3.66,쉬움,평지,하천|수변|도심,힐링|시원함|평지러닝|일상러닝,용두근린공원,32,,정릉천 길 시작,정릉천 길 종료,성북구 정릉동 삼각산 계곡에서 발원하여 동대문구 신설동과 용두동 사이를 통과하여 청계천으로 흘러 들어가 다시 중랑천과 한강으로 합류.,서울 열린데이터 지천/한강길 SHP (DoDreamWay04_L_W_SHP.zip),공식 SHP 경로 기반. 고도·편의시설·대기질·난이도는 공간분석/통계 파생값이며 현장 검증 권장.,15.9,35.4,25.7,33.2,19.8,0.53,12.04,123,쉬움,쉬움,"최저 16m, 최고 35m, 누적상승 33m, 최대경사 약 12.0%",7,17,정릉천,5.0,정릉천|용두5구역어린이공원|성북천|서마장어린이공원|방아다리어린이공원|용두공원|벌집어린이공원|종암어린이공원|성북구-동산어린이공원|일신어린이공원,0,,,,POI081,청량리 제기동 일대 전통시장,21.9,31.097,17.791,0.03178,0.01788,0.4144,0.00277,"300m 내 화장실 32개, 300m 내 음수대 7개, 700m 내 음수대 17개","경로와 겹치는 실시간 주요장소 0개, 가장 가까운 장소 청량리 제기동 일대 전통시장",98.1,148,23,0,0,0,0,0,동대문구|성동구|성북구,매우양호,19.6667,9.3333,0.0547,0.008,0.2333,0.003,70.3333,보통,202608271500.0,동대문구|성동구|성북구,"현재 PM10 20, PM2.5 9, 통합대기지수 70",35.8,100.0,33.8,0.0,trunk:69|cycleway:53|trunk_link:15|footway:5|primary:3,33.8,2.0,98.0,100.0,148,148,3.4,0.0,0.0,0.0,,0.0,81.8,100.0,asphalt:121,0.0,,"OSM 경로매칭 100%, 포장 100%, 비포장 0%, 조명 있음 98%"
RM_STREAM_034,탄천 길,강남구|송파구,37.4982594,127.086481,7.44,보통,평지|완만한경사,하천|수변|도심,힐링|시원함|평지러닝|일상러닝,답십리근린공원,26,,탄천 길 시작,탄천 길 종료,서울 열린데이터 지천/한강길 선형 공간정보 기반 러닝 후보 코스입니다.,서울 열린데이터 지천/한강길 SHP (DoDreamWay04_L_W_SHP.zip),공식 SHP 경로 기반. 고도·편의시설·대기질·난이도는 공간분석/통계 파생값이며 현장 검증 권장.,3.7,22.4,13.8,102.1,89.7,0.17,16.55,249,보통,보통,"최저 4m, 최고 22m, 누적상승 102m, 최대경사 약 16.6%",1,20,호돌이어린이공원,248.7,아시아공원|SETEC뒤양재천산책로|부렴어린이공원|한강시민공원(잠실지구)|삼전공원|일원목련공원|삼밭공원|쌀섬어린이공원|대진공원|진달래공원,0,,,,POI048,장지역,35.1,31.918,17.842,0.03109,0.01898,0.378,0.0025,"300m 내 화장실 26개, 300m 내 음수대 1개, 700m 내 음수대 20개","경로와 겹치는 실시간 주요장소 0개, 가장 가까운 장소 장지역",82.4,113,40,0,0,0,0,0,강남구|송파구,매우양호,20.0,17.5,0.0645,0.0105,0.25,0.002,78.0,보통,202608271500.0,강남구|송파구,"현재 PM10 20, PM2.5 18, 통합대기지수 78",58.4,67.4,49.5,32.6,cycleway:163|trunk:49|path:17|trunk_link:17|tertiary:14,42.3,0.0,100.0,93.3,279,299,9.3,0.0,100.0,19.0,good:53,0.0,75.6,100.0,asphalt:204|concrete:7,0.0,,"OSM 경로매칭 93%, 포장 100%, 비포장 0%, 조명 있음 100%"
RM_STREAM_035,굴포천,서울,37.5675871,126.7727791,7.6,쉬움,평지,하천|수변|도심,힐링|시원함|평지러닝|일상러닝,,0,,굴포천 시작,굴포천 종료,서울 열린데이터 지천/한강길 선형 공간정보 기반 러닝 후보 코스입니다.,서울 열린데이터 지천/한강길 SHP (DoDreamWay04_L_W_SHP.zip),공식 SHP 경로 기반. 고도·편의시설·대기질·난이도는 공간분석/통계 파생값이며 현장 검증 권장.,6.6,10.0,8.4,0.0,-0.0,0.01,2.89,255,쉬움,쉬움,"최저 7m, 최고 10m, 누적상승 0m, 최대경사 약 2.9%",0,0,방화공원,1131.8,,0,,,,POI085,강서한강공원,983.2,,,,,,,"300m 내 화장실 0개, 300m 내 음수대 0개, 700m 내 음수대 0개","경로와 겹치는 실시간 주요장소 0개, 가장 가까운 장소 강서한강공원",5.0,10,0,0,0,0,0,0,강서구,검토필요,11.0,13.0,0.039,0.006,0.2,0.002,58.0,보통,202608271500.0,강서구,"현재 PM10 11, PM2.5 13, 통합대기지수 58",0.0,0.0,0.0,0.0,track:140|unclassified:65|service:59|primary:19|residential:13,0.0,0.0,0.0,99.7,304,305,0.0,0.0,0.0,0.0,,0.0,67.4,23.4,dirt:157|concrete:27|asphalt:21,76.6,grade4:16,"OSM 경로매칭 100%, 포장 23%, 비포장 77%, 조명정보 부족"
RM_WALL_036,낙산구간,성북구|종로구|중구,37.5805232,127.0088689,2.38,보통,언덕|오르막,한양도성|역사|도심|언덕,역사|도심전망|도전|성취감|야경,낙산근린공원|마로니에공원,37,,낙산구간 시작,낙산구간 종료,,서울 열린데이터 한양도성길 SHP (DoDreamWay05_L_W_SHP.zip),공식 SHP 경로 기반. 고도·편의시설·대기질·난이도는 공간분석/통계 파생값이며 현장 검증 권장.,21.9,113.9,72.6,61.4,87.8,1.01,28.48,81,보통,보통,"최저 22m, 최고 114m, 누적상승 61m, 최대경사 약 28.5%",14,18,낙산공원,9.1,명륜어린이공원|낙산공원|동대문디자인프라자(DDP)|연지1어린이공원|청계천|창이어린이놀이터|혜화문쉼터|삼선어린이공원|산마루놀이터공원|성북천공원,2,POI006|POI024,종로·청계 관광특구|동대문역,관광특구|인구밀집지역,POI006,종로·청계 관광특구,0.0,30.365,19.004,0.03322,0.01887,0.4299,0.00291,"300m 내 화장실 37개, 300m 내 음수대 14개, 700m 내 음수대 18개","경로와 겹치는 실시간 주요장소 2개 (종로·청계 관광특구, 동대문역)",93.7,164,14,0,0,0,0,0,성북구|종로구,매우양호,20.5,10.5,0.05,0.008,0.25,0.0035,66.5,보통,202608271500.0,성북구|종로구|중구,"현재 PM10 20, PM2.5 10, 통합대기지수 66",0.0,0.0,0.0,0.0,path:38|footway:31|service:20|primary:7|steps:1,0.0,0.0,0.0,100.0,97,97,71.1,0.0,0.0,0.0,,1.0,7.2,100.0,asphalt:7,0.0,,"OSM 경로매칭 100%, 포장 100%, 비포장 0%, 조명정보 부족"
RM_WALL_037,남산구간,용산구|중구,37.5484585,126.9959772,4.5,보통,언덕|오르막,한양도성|역사|도심|언덕,역사|도심전망|도전|성취감|야경,남산공원,22,,남산구간 시작,남산구간 종료,,서울 열린데이터 한양도성길 SHP (DoDreamWay05_L_W_SHP.zip),공식 SHP 경로 기반. 고도·편의시설·대기질·난이도는 공간분석/통계 파생값이며 현장 검증 권장.,53.3,269.8,146.6,236.0,225.3,0.35,40.39,152,보통,보통,"최저 53m, 최고 270m, 누적상승 236m, 최대경사 약 40.4%",13,24,남산공원(회현자락),3.4,충현어린이공원|다산동마을마당|응봉근린공원|서울로 7017|남산공원(회현자락)|새꿈어린이공원|남산공원(팔각자락)|남산한옥마을|남산공원(한남자락)|남산공원(장충자락),1,POI091,남산공원,공원,POI091,남산공원,0.0,31.142,18.997,0.03149,0.01959,0.4063,0.00284,"300m 내 화장실 22개, 300m 내 음수대 13개, 700m 내 음수대 24개",경로와 겹치는 실시간 주요장소 1개 (남산공원),81.4,140,37,0,0,0,0,0,용산구|중구,매우양호,25.0,7.0,0.053,0.009,0.3,0.002,69.0,보통,202608271500.0,용산구|중구,"현재 PM10 25, PM2.5 7, 통합대기지수 69",0.0,100.0,37.4,0.0,path:91|steps:34|footway:28|service:22|pedestrian:5,1.1,0.0,100.0,100.0,182,182,68.1,0.0,100.0,3.3,good:6,18.7,68.1,73.4,paved:38|asphalt:33|wood:32|concrete:12|paving_stones:8,0.0,,"OSM 경로매칭 100%, 포장 73%, 비포장 0%, 조명 있음 100%"
RM_WALL_038,낙산구간,성북구|종로구|중구,37.5809188,127.0085491,2.66,보통,언덕|오르막,한양도성|역사|도심|언덕,역사|도심전망|도전|성취감|야경,낙산근린공원|마로니에공원,37,,낙산구간 시작,낙산구간 종료,,서울 열린데이터 한양도성길 SHP (DoDreamWay05_L_W_SHP.zip),공식 SHP 경로 기반. 고도·편의시설·대기질·난이도는 공간분석/통계 파생값이며 현장 검증 권장.,20.2,113.9,70.3,68.5,91.0,1.12,26.56,90,보통,보통,"최저 20m, 최고 114m, 누적상승 68m, 최대경사 약 26.6%",14,21,낙산공원,3.5,명륜어린이공원|낙산공원|동대문디자인프라자(DDP)|청계천|연지1어린이공원|훈련원공원|성북동쉼터|창이어린이놀이터|혜화문쉼터|삼선어린이공원,2,POI006|POI024,종로·청계 관광특구|동대문역,관광특구|인구밀집지역,POI006,종로·청계 관광특구,0.0,30.365,19.004,0.03322,0.01887,0.4299,0.00291,"300m 내 화장실 37개, 300m 내 음수대 14개, 700m 내 음수대 21개","경로와 겹치는 실시간 주요장소 2개 (종로·청계 관광특구, 동대문역)",93.8,197,19,0,0,0,0,0,성북구|종로구,매우양호,20.5,10.5,0.05,0.008,0.25,0.0035,66.5,보통,202608271500.0,성북구|종로구|중구,"현재 PM10 20, PM2.5 10, 통합대기지수 66",0.0,0.0,0.0,0.0,footway:48|path:34|service:9|primary:9|primary_link:3,0.0,0.0,0.0,100.0,108,108,76.9,0.0,0.0,0.0,,0.9,16.7,100.0,asphalt:16|paving_stones:2,0.0,,"OSM 경로매칭 100%, 포장 100%, 비포장 0%, 조명정보 부족"
RM_WALL_039,숭례문구간,서대문구|종로구|중구,37.5621424,126.9711832,2.43,보통,언덕|오르막,한양도성|역사|도심|언덕,역사|도심전망|도전|성취감|야경,경희궁|서소문역사공원|순화문화공원,26,,숭례문구간 시작,숭례문구간 종료,,서울 열린데이터 한양도성길 SHP (DoDreamWay05_L_W_SHP.zip),공식 SHP 경로 기반. 고도·편의시설·대기질·난이도는 공간분석/통계 파생값이며 현장 검증 권장.,34.5,64.7,43.9,38.0,41.6,0.74,16.7,82,보통,보통,"최저 34m, 최고 65m, 누적상승 38m, 최대경사 약 16.7%",6,16,중구-순화어린이공원,8.5,서소문구역제5지구소공원|배재어린이공원|중구-순화어린이공원|정동 근린공원|서울로 7017|내수2근린공원|남산공원(회현자락)|내수1근린공원|손기정공원|월암공원,4,POI033|POI064|POI091|POI131,서울역|덕수궁길·정동길|남산공원|숭례문,인구밀집지역|발달상권|공원,POI033,서울역,0.0,29.994,18.831,0.03451,0.01798,0.4324,0.00301,"300m 내 화장실 26개, 300m 내 음수대 6개, 700m 내 음수대 16개","경로와 겹치는 실시간 주요장소 4개 (서울역, 덕수궁길·정동길, 남산공원, 숭례문)",98.6,162,6,0,0,0,0,0,종로구|중구,매우양호,23.5,13.0,0.054,0.011,0.3,0.004,70.0,보통,202608271500.0,서대문구|종로구|중구,"현재 PM10 24, PM2.5 13, 통합대기지수 70",7.1,100.0,8.1,0.0,path:28|residential:22|pedestrian:15|footway:13|cycleway:7,0.0,0.0,0.0,100.0,99,99,56.6,0.0,0.0,0.0,,0.0,15.2,100.0,asphalt:12|paving_stones:3,0.0,,"OSM 경로매칭 100%, 포장 100%, 비포장 0%, 조명정보 부족"
RM_WALL_040,흥인지문구간,종로구|중구,37.5652732,127.0105686,1.95,쉬움,언덕|오르막,한양도성|역사|도심|언덕,역사|도심전망|도전|성취감|야경,,32,,흥인지문구간 시작,흥인지문구간 종료,,서울 열린데이터 한양도성길 SHP (DoDreamWay05_L_W_SHP.zip),공식 SHP 경로 기반. 고도·편의시설·대기질·난이도는 공간분석/통계 파생값이며 현장 검증 권장.,21.0,54.9,33.7,17.4,5.7,1.43,8.76,67,쉬움,쉬움,"최저 21m, 최고 55m, 누적상승 17m, 최대경사 약 8.8%",2,14,청계천,32.4,쌍림어린이공원|충현어린이공원|다산동마을마당|낙산공원|동대문디자인프라자(DDP)|훈련원공원|남산공원(장충자락)|황학어린이공원|청계천|산마루놀이터공원,5,POI002|POI006|POI024|POI091|POI083,동대문 관광특구|종로·청계 관광특구|동대문역|남산공원|DDP(동대문디자인플라자),관광특구|인구밀집지역|공원|발달상권,POI002,동대문 관광특구,0.0,30.775,19.827,0.03425,0.01974,0.4002,0.0028,"300m 내 화장실 32개, 300m 내 음수대 2개, 700m 내 음수대 14개","경로와 겹치는 실시간 주요장소 5개 (동대문 관광특구, 종로·청계 관광특구, 동대문역, 남산공원)",91.3,132,4,0,0,0,0,0,종로구|중구,매우양호,24.0,14.0,0.054,0.011,0.3,0.004,70.0,보통,202608271500.0,종로구|중구,"현재 PM10 24, PM2.5 14, 통합대기지수 70",0.0,100.0,6.2,0.0,path:23|footway:20|pedestrian:17|residential:10|primary:3,0.0,0.0,0.0,100.0,80,80,75.0,0.0,0.0,0.0,,0.0,46.2,100.0,paved:23|paving_stones:11|asphalt:3,0.0,,"OSM 경로매칭 100%, 포장 100%, 비포장 0%, 조명정보 부족"
RM_WALL_041,백악구간,성북구|종로구,37.594322,126.9857114,4.94,보통,언덕|오르막,한양도성|역사|도심|언덕,역사|도심전망|도전|성취감|야경,와룡근린공원|북악산도시자연공원|삼청근린공원,19,,백악구간 시작,백악구간 종료,,서울 열린데이터 한양도성길 SHP (DoDreamWay05_L_W_SHP.zip),공식 SHP 경로 기반. 고도·편의시설·대기질·난이도는 공간분석/통계 파생값이며 현장 검증 권장.,43.2,317.2,166.8,236.6,284.2,1.53,35.39,166,보통,보통,"최저 43m, 최고 317m, 누적상승 237m, 최대경사 약 35.4%",6,12,혜화문쉼터,3.6,와룡공원|북악산근린공원|북악산청소년체험의숲|명륜어린이공원|우정의공원|삼청공원|성북동쉼터|낙산공원|혜화문쉼터|삼선어린이공원,0,,,,POI066,북촌한옥마을,329.3,30.825,18.796,0.03246,0.01862,0.4496,0.00293,"300m 내 화장실 19개, 300m 내 음수대 6개, 700m 내 음수대 12개","경로와 겹치는 실시간 주요장소 0개, 가장 가까운 장소 북촌한옥마을",44.5,125,0,0,0,0,0,0,성북구|종로구,검토필요,20.5,10.5,0.05,0.008,0.25,0.0035,66.5,보통,202608271500.0,성북구|종로구,"현재 PM10 20, PM2.5 10, 통합대기지수 66",0.0,0.0,0.0,0.0,path:80|steps:39|footway:35|service:28|residential:8,0.0,0.0,0.0,100.0,199,199,57.8,0.0,0.0,0.0,,19.6,62.3,5.6,unpaved:83|wood:30|asphalt:7|earth:4,70.2,,"OSM 경로매칭 100%, 포장 6%, 비포장 70%, 조명정보 부족"
RM_WALL_042,인왕구간,종로구|중구,37.580814,126.9581965,3.82,어려움,언덕|오르막,한양도성|역사|도심|언덕,역사|도심전망|도전|성취감|야경,경희궁|사직근린공원|인왕산도시자연공원,26,,인왕구간 시작,인왕구간 종료,,서울 열린데이터 한양도성길 SHP (DoDreamWay05_L_W_SHP.zip),공식 SHP 경로 기반. 고도·편의시설·대기질·난이도는 공간분석/통계 파생값이며 현장 검증 권장.,51.2,318.5,159.5,252.2,203.0,1.5,43.06,129,어려움,어려움,"최저 51m, 최고 318m, 누적상승 252m, 최대경사 약 43.1%",4,15,월암공원,9.1,유아숲체험장|배재어린이공원|중구-순화어린이공원|정동 근린공원|내수2근린공원|내수1근린공원|월암공원|사직단|종로구-사직근린공원(교남체육공원)|독립공원,0,,,,POI064,덕수궁길·정동길,2.3,30.775,19.827,0.03425,0.01974,0.4002,0.0028,"300m 내 화장실 26개, 300m 내 음수대 4개, 700m 내 음수대 15개","경로와 겹치는 실시간 주요장소 0개, 가장 가까운 장소 덕수궁길·정동길",41.1,78,0,0,0,0,0,0,종로구,검토필요,24.0,14.0,0.054,0.011,0.3,0.004,70.0,보통,202608271500.0,종로구|중구,"현재 PM10 24, PM2.5 14, 통합대기지수 70",0.0,0.0,0.0,0.0,path:115|steps:14|residential:9|tertiary:7|service:5,1.9,0.0,100.0,100.0,154,154,76.6,0.0,0.0,0.0,,9.1,5.2,87.5,asphalt:7|dirt:1,12.5,grade4:2,"OSM 경로매칭 100%, 포장 88%, 비포장 12%, 조명 있음 100%"
