course_id,course_name,district,latitude,longitude,distance_km,difficulty_derived,terrain,environment,mood_tags_derived,nearby_parks,toilet_count_300m,nearby_points,start_point,end_point,description,source,quality_note,elevation_min_m,elevation_max_m,elevation_avg_m,elevation_gain_m,elevation_loss_m,avg_grade_pct,max_grade_pct,elevation_samples,difficulty_elevation,difficulty_final,elevation_summary,water_count_300m,water_count_700m,nearest_water_name,nearest_water_distance_m,nearby_water_parks,realtime_area_count,realtime_area_codes,realtime_area_names,realtime_area_categories,nearest_realtime_area_code,nearest_realtime_area_name,nearest_realtime_area_distance_m,air2025_pm10_avg,air2025_pm25_avg,air2025_o3_avg,air2025_no2_avg,air2025_co_avg,air2025_so2_avg,facility_summary,realtime_summary
RM_SEOUL_009,지하철 4호선 당고개역 ~ 코스 1-2 불암산 우회코스 갈림길,노원구,37.679407,127.087807,4.42,쉬움,미확인(고도데이터 필요),산림,자연|도전|가벼운러닝,,6,덕릉고개|넓은마당|경수사|코스 1-2 불암산 우회코스 갈림길,지하철 4호선 당고개역,코스 1-2 불암산 우회코스 갈림길,"서울시 선형 공간정보를 연결해 생성한 약 4.4km 구간. 인접 주요 지점: 덕릉고개, 넓은마당, 경수사, 코스 1-2 불암산 우회코스 갈림길",서울시 둘레길/두드림길 공간정보 + 서울시 주요 공원현황(2026 상반기) + 서울시 공중화장실 위치정보,"거리=공간선형 계산, 난이도/감성태그=규칙 기반 파생값(검증 필요)",84.8,173.4,133.7,184.0,248.7,1.45,35.63,149,보통,보통,"최저 85m, 최고 173m, 누적상승 184m, 최대경사 약 35.6%",1,3,갈월어린이 공원,116.7,갈월어린이 공원|당고개지구공원|불암어린이공원,0,,,,POI079,창동 신경제 중심지,1878.3,33.06919850885368,18.582287390029325,0.032383674176776435,0.01762995029476361,0.3911443763726737,0.002417956153578471,"화장실 6곳, 음수대 1곳(300m)",가장 가까운 실시간 영역 창동 신경제 중심지 약 1878.3m
RM_SEOUL_004,탕춘대성 암문 ~ 코스 8-1 선림사 옆,은평구,37.618934,126.937104,6.27,쉬움,미확인(고도데이터 필요),공원|산림,힐링|녹지|자연|도전|가벼운러닝,불광근린공원,8,선림사|북한산 생태공원|코스 8-1 선림사 옆|코스 8-2 옛성길 시작점,탕춘대성 암문,코스 8-1 선림사 옆,"서울시 선형 공간정보를 연결해 생성한 약 6.3km 구간. 인접 주요 지점: 선림사, 북한산 생태공원, 코스 8-1 선림사 옆, 코스 8-2 옛성길 시작점",서울시 둘레길/두드림길 공간정보 + 서울시 주요 공원현황(2026 상반기) + 서울시 공중화장실 위치정보,"거리=공간선형 계산, 난이도/감성태그=규칙 기반 파생값(검증 필요)",41.9,214.8,110.1,281.7,313.5,0.54,28.94,211,어려움,어려움,"최저 42m, 최고 215m, 누적상승 282m, 최대경사 약 28.9%",6,23,북한산도시자연공원,14.9,관동 어린이공원|물푸레근린공원(뉴타운)|북한산 돌산축구장|북한산 호박골지구|북한산 홍은한마당|북한산도시자연공원|불광 어린이공원|불광근린공원|불광동자투리녹지|새장골어린이공원|시내어린이공원|양천리누리터어린이공원|연신 어린이공원|연신초교옆마을마당|연천초교앞마을마당|제9호근린공원(뉴타운)|향림도시농업체험원|홍록배드민턴장|홍박소공원,0,,,,POI043,연신내역,624.8,31.258165392633774,15.32643811737362,0.030690929126551445,0.013333102572977963,0.4492765662859121,0.002733900266111304,"화장실 8곳, 음수대 6곳(300m)",가장 가까운 실시간 영역 연신내역 약 624.8m
RM_SEOUL_011,방이동 생태경관보전지역 ~ 수서역 5번출구,송파구,37.481714,127.131371,8.27,보통,미확인(고도데이터 필요),하천|공원|산림,힐링|녹지|개방감|물가|자연|도전|가벼운러닝,장지근린공원|오금근린공원,53,"방이동 생태경관보전지역|문정근린공원|가든파이브|수서역 5번출구|코스 3-4 탄천 끝부분|지하철 3호선, 분당선 수서역 6번 출구|코스 4-1 대모산 초입",방이동 생태경관보전지역,수서역 5번출구,"서울시 선형 공간정보를 연결해 생성한 약 8.3km 구간. 인접 주요 지점: 방이동 생태경관보전지역, 문정근린공원, 가든파이브, 수서역 5번출구, 코스 3-4 탄천 끝부분, 지하철 3호선, 분당선 수서역 6번 출구",서울시 둘레길/두드림길 공간정보 + 서울시 주요 공원현황(2026 상반기) + 서울시 공중화장실 위치정보,"거리=공간선형 계산, 난이도/감성태그=규칙 기반 파생값(검증 필요)",10.3,58.2,25.8,66.6,64.0,0.06,10.91,277,보통,보통,"최저 10m, 최고 58m, 누적상승 67m, 최대경사 약 10.9%",12,41,성내천 음수대,3.3,가야금어린이공원|개롱공원|거여공원|글샘근린공원|꿈나무어린이공원|마천공원|문정공원|문정법조단지공원|문현어린이공원|백토공원|벌말어린이공원|복숭아어린이공원|샛팽이어린이공원|성내천 음수대|수서까치공원|아랫말어린이공원|연화공원|영풍어린이공원|오금공원|오동나무어린이공원|올림픽공원|용마어린이공원|율현공원|투구봉공원|한샘어린이공원|향나무어린이공원|호돌이어린이공원|호순이어린이공원|훼미리공원|희망어린이공원,1,POI048,장지역,인구밀집지역,POI048,장지역,0.0,31.760284349143458,17.598735807093526,0.030406949896097896,0.019548983833718243,0.3756847575057736,0.0025300608471799674,"화장실 53곳, 음수대 12곳(300m)",서울 실시간 도시데이터 영역 장지역
RM_SEOUL_005,7.빨래골지킴터 ~ 탕춘대성 암문,종로구,37.61316,126.982033,10.26,보통,미확인(고도데이터 필요),도심/녹지,장거리|성취감,,10,탕춘대성 암문|불심원|5.연화정사|6.성북생태체험관|7.빨래골지킴터|코스 8-3 명상길 시작점|코스 8-4 흰구름길 시작점,7.빨래골지킴터,탕춘대성 암문,"서울시 선형 공간정보를 연결해 생성한 약 10.3km 구간. 인접 주요 지점: 탕춘대성 암문, 불심원, 5.연화정사, 6.성북생태체험관, 7.빨래골지킴터, 코스 8-3 명상길 시작점",서울시 둘레길/두드림길 공간정보 + 서울시 주요 공원현황(2026 상반기) + 서울시 공중화장실 위치정보,"거리=공간선형 계산, 난이도/감성태그=규칙 기반 파생값(검증 필요)",88.9,278.3,179.4,483.0,417.6,0.56,30.93,344,어려움,어려움,"최저 89m, 최고 278m, 누적상승 483m, 최대경사 약 30.9%",8,12,북한산도시자연공원,5.0,감나무골어린이공원|북한산 호박골지구|북한산도시자연공원|빨래골어린이공원|삼양마을마당|정릉천변|참샘골어린이공원|청암어린이공원|하늘어린이공원,0,,,,POI036,수유역,1526.4,32.08957673818736,20.232005590496158,0.03364709974062721,0.020148473635522666,0.41004973398103167,0.0027277969736685336,"화장실 10곳, 음수대 8곳(300m)",가장 가까운 실시간 영역 수유역 약 1526.4m
RM_SEOUL_010,지하철 6호선 화랑대역 4번출구 ~ 지하철 5호선 광나루역 1번출구,중랑구,37.592237,127.109341,12.63,보통,미확인(고도데이터 필요),공원|산림,힐링|녹지|자연|도전|장거리|성취감,중랑캠핑숲|아차산공원,35,지하철 6호선 화랑대역 4번출구|1-3/2-1 화랑대 4번 출구 앞 공원|지하철 6호선 화랑대역 4번출구|중랑캠핑숲|망우묘지공원|해맞이광장|아차산생태공원|지하철 5호선 광나루역 1번출구|아차산 4보루 성터|아차산성|양원역 2번 출구|코스 1-3 / 2-1 화랑대역 4번 출구 앞 공원,지하철 6호선 화랑대역 4번출구,지하철 5호선 광나루역 1번출구,"서울시 선형 공간정보를 연결해 생성한 약 12.6km 구간. 인접 주요 지점: 지하철 6호선 화랑대역 4번출구, 1-3/2-1 화랑대 4번 출구 앞 공원, 지하철 6호선 화랑대역 4번출구, 중랑캠핑숲, 망우묘지공원, 해맞이광장",서울시 둘레길/두드림길 공간정보 + 서울시 주요 공원현황(2026 상반기) + 서울시 공중화장실 위치정보,"거리=공간선형 계산, 난이도/감성태그=규칙 기반 파생값(검증 필요)",18.7,313.5,127.1,334.1,361.1,0.04,28.34,423,어려움,어려움,"최저 19m, 최고 314m, 누적상승 334m, 최대경사 약 28.3%",8,33,중랑캠핑숲,17.7,갓바위어린이공원|광진숲나루|구화랑대역철도공원|긴고랑등산로입구|노원구-개미어린이공원-1|노원구-공릉근린공원-1|노원구-청솔어린이공원-1|능산공원|돌산체육공원|망우어린이공원|방죽어린이공원|배밭공원|봉화산 유아숲체험장|사가정공원|신내공원|아차산공원|옹기테마공원|용마산 가족공원|중랑구-묵동어린이공원|중랑구-옹기테마공원|중랑캠핑숲,1,POI102,아차산,공원,POI102,아차산,0.0,31.752180486103036,19.361654752138755,0.02987832954409477,0.016340164123901987,0.36903374942209893,0.002736212192816635,"화장실 35곳, 음수대 8곳(300m)",서울 실시간 도시데이터 영역 아차산
RM_SEOUL_003,지하철 4호선 사당역 4번출구 ~ 지하철 1호선 석수역 1번출구,관악구,37.464017,126.948023,12.81,보통,미확인(고도데이터 필요),하천|공원|산림,힐링|녹지|개방감|물가|자연|도전|장거리|성취감,샘말공원(관악산근린공원 샘말지구),41,"지하철 2호선, 4호선 사당역 4번출구|지하철 4호선 사당역 4번출구|관음사|낙성대공원|서울대학교|약수암|천주교삼성상성지|호압사|한우물 및 주변산성지|지하철 1호선 석수역 1번출구|코스 5-1 관음사 입구|코스 5-2 관악산 안내소 앞",지하철 4호선 사당역 4번출구,지하철 1호선 석수역 1번출구,"서울시 선형 공간정보를 연결해 생성한 약 12.8km 구간. 인접 주요 지점: 지하철 2호선, 4호선 사당역 4번출구, 지하철 4호선 사당역 4번출구, 관음사, 낙성대공원, 서울대학교, 약수암",서울시 둘레길/두드림길 공간정보 + 서울시 주요 공원현황(2026 상반기) + 서울시 공중화장실 위치정보,"거리=공간선형 계산, 난이도/감성태그=규칙 기반 파생값(검증 필요)",18.0,240.5,128.4,524.0,530.9,0.01,32.72,429,어려움,어려움,"최저 18m, 최고 240m, 누적상승 524m, 최대경사 약 32.7%",15,35,관악산경로구역공원,1.4,관악구민운동장|관악산 낙성대야외놀이마당|관악산게이트볼장|관악산경로구역공원|관악산계곡캠핑장|관악산낙성대광장공원|관악산맷돌체조장|관악산호수구역공원|관악제2구민운동장|교체 어린이공원|군아파트 어린이공원|금천-박미사랑소공원-1|금천-방수설비잔디광장-1|까치어린이공원|꾸러기공원|낙성대게이트볼장|맨발공원|모래내공원|목화 어린이공원|밤골 어린이공원|백설 어린이공원|비둘기공원|사당 만남의 공원|상록 어린이공원|샘말공원|예촌 어린이공원|원당 어린이공원|진달래공원|청두어린이공원|탑골 어린이공원|해바라기 어린이공원|해태 어린이공원,1,POI029,사당역,인구밀집지역,POI029,사당역,0.0,28.317805953693494,17.382617106535857,0.03179861636707663,0.019020779832724703,0.388230025925053,0.002482199573358616,"화장실 41곳, 음수대 15곳(300m)",서울 실시간 도시데이터 영역 사당역
RM_SEOUL_007,코스 8-6 도봉탐방지원센터 옆 ~ 7.빨래골지킴터,강북구,37.661201,127.0068,14.31,어려움,미확인(고도데이터 필요),공원|산림,힐링|녹지|자연|도전|장거리|성취감,솔밭근린공원,14,7.빨래골지킴터|8.이준열사묘소|9.419국립묘지|10.봉황각|코스 8-5 왕실묘역 시작점|코스 8-6 도봉탐방지원센터 옆,코스 8-6 도봉탐방지원센터 옆,7.빨래골지킴터,"서울시 선형 공간정보를 연결해 생성한 약 14.3km 구간. 인접 주요 지점: 7.빨래골지킴터, 8.이준열사묘소, 9.419국립묘지, 10.봉황각, 코스 8-5 왕실묘역 시작점, 코스 8-6 도봉탐방지원센터 옆",서울시 둘레길/두드림길 공간정보 + 서울시 주요 공원현황(2026 상반기) + 서울시 공중화장실 위치정보,"거리=공간선형 계산, 난이도/감성태그=규칙 기반 파생값(검증 필요)",41.5,151.8,90.9,575.5,503.7,0.65,27.63,479,어려움,어려움,"최저 42m, 최고 152m, 누적상승 576m, 최대경사 약 27.6%",9,23,솔밭공원,3.8,도봉산역만남의광장|뒷말어린이공원|무지개어린이공원|발바닥공원|방학3동가로공원|북한산도시자연공원|빨래골어린이공원|새동네어린이공원|샘말어린이공원|서울창포원|서원어린이공원|솔밭공원|수유일공원|우이동만남의광장|푸른어린이공원|하늘어린이공원,0,,,,POI036,수유역,1248.6,30.50502923976608,18.028718188185852,0.034519609687279566,0.011868165010399815,0.3429370224589025,0.002227679414542021,"화장실 14곳, 음수대 9곳(300m)",가장 가까운 실시간 영역 수유역 약 1248.6m
RM_SEOUL_008,1-1코스 창포원 관리사무소 앞 ~ 지하철 6호선 화랑대역 4번출구,노원구,37.670414,127.079303,14.61,어려움,미확인(고도데이터 필요),공원|산림,힐링|녹지|자연|도전|장거리|성취감,서울창포원,37,"지하철 1,7호선 도봉산역 2번출구|서울창포원|넓은마당|경수사|성관사|넓적바위|태릉|지하철 6호선 화랑대역 4번출구|지하철 4호선 당고개역|지하철 7호선 수락산역|1-1코스 창포원 관리사무소 앞|코스 1-2 불암산 우회코스 갈림길",1-1코스 창포원 관리사무소 앞,지하철 6호선 화랑대역 4번출구,"서울시 선형 공간정보를 연결해 생성한 약 14.6km 구간. 인접 주요 지점: 지하철 1,7호선 도봉산역 2번출구, 서울창포원, 넓은마당, 경수사, 성관사, 넓적바위",서울시 둘레길/두드림길 공간정보 + 서울시 주요 공원현황(2026 상반기) + 서울시 공중화장실 위치정보,"거리=공간선형 계산, 난이도/감성태그=규칙 기반 파생값(검증 필요)",22.2,190.6,83.3,447.3,450.8,0.05,24.0,489,어려움,어려움,"최저 22m, 최고 191m, 누적상승 447m, 최대경사 약 24.0%",13,33,노원구-상계장암지구근린공원-1,4.4,갈월어린이 공원|개나리어린이공원|구화랑대역철도공원|꿈나라어린이공원|노원구-갓바위어린이공원-1|노원구-개미어린이공원-1|노원구-공릉근린공원-1|노원구-노원골지구공원-1|노원구-당현어린이공원-1|노원구-상계장암지구근린공원-1|노원구-종달새어린이공원-1|노원구-청솔어린이공원-1|누원어린이공원|늘푸른어린이공원|다락원체육공원|당고개지구공원|도봉산역만남의광장|무궁화어린이공원|무수천|무지개어린이공원|봉화산 유아숲체험장|불암산도시자연공원|불암어린이공원|새동네어린이공원|샘터어린이공원|서울창포원|서원어린이공원|정담공원|중랑구-묵동어린이공원|천보어린이공원|햇빛공원,0,,,,POI079,창동 신경제 중심지,1015.3,33.06919850885368,18.582287390029325,0.032383674176776435,0.01762995029476361,0.3911443763726737,0.002417956153578471,"화장실 37곳, 음수대 13곳(300m)",가장 가까운 실시간 영역 창동 신경제 중심지 약 1015.3m
RM_SEOUL_012,코스 3-2 광진교 초입 ~ 방이동 생태경관보전지역,강동구,37.555474,127.158144,15.66,어려움,미확인(고도데이터 필요),하천|공원|산림,힐링|녹지|개방감|물가|자연|도전|장거리|성취감,명일근린공원,48,한강공원 광나루지구|암사동선사주거지|샘터공원|명일공원|방이동 생태경관보전지역|고덕역 4번출구|3-2 일자산 초입(고덕역 4번 출구 260m 앞)|코스 3-3 방이동 생태경관보전지역 사무소 앞,코스 3-2 광진교 초입,방이동 생태경관보전지역,"서울시 선형 공간정보를 연결해 생성한 약 15.7km 구간. 인접 주요 지점: 한강공원 광나루지구, 암사동선사주거지, 샘터공원, 명일공원, 방이동 생태경관보전지역, 고덕역 4번출구",서울시 둘레길/두드림길 공간정보 + 서울시 주요 공원현황(2026 상반기) + 서울시 공중화장실 위치정보,"거리=공간선형 계산, 난이도/감성태그=규칙 기반 파생값(검증 필요)",11.6,123.2,48.2,232.3,212.6,0.02,17.3,524,어려움,어려움,"최저 12m, 최고 123m, 누적상승 232m, 최대경사 약 17.3%",23,52,한강공원(광나루),1.6,가야금어린이공원|고덕레미안힐스테이트공원|광진교|광진어린이공원|구암어린이공원|꿈나래어린이공원|동명공원|두레근린공원|명린근린공원|방죽근린공원|백토공원|볕우물공원|새장터어린이공원|샘터근린공원|송림근린공원|암사역사공원|암사정수센터 교차로 샘터|오동나무어린이공원|올림픽공원|원터근린공원|일자산공원|천호해공공원|하늬어린이공원|한강공원(광나루)|한우물어린이공원|허브체험공원,2,POI011|POI087,서울 암사동 유적|광나루한강공원,고궁·문화유산|공원,POI011,서울 암사동 유적,0.0,34.35390264124126,20.846252030633558,0.033128691642651295,0.01693656905695181,0.5305800072350175,0.00269002895193978,"화장실 48곳, 음수대 23곳(300m)",서울 실시간 도시데이터 영역 서울 암사동 유적|광나루한강공원
RM_SEOUL_002,코스 6-1 석수역 앞 ~ 코스 7-1 가양대교 시작점,구로구,37.506304,126.873784,17.49,어려움,미확인(고도데이터 필요),하천|공원|산림,힐링|녹지|개방감|물가|자연|도전|장거리|성취감,갈산근린공원|염창근린공원,70,금천구청역|황금내 근린공원|코스 7-1 가양대교 시작점|지하철 1호선 석수역 1번출구|지하철 1호선 석수역 2번출구|안양천|구일역|도림천역|양화교폭포|지하철 9호선 가양역 4번출구|코스 6-1 석수역 앞|코스 6-2 구일역 앞,코스 6-1 석수역 앞,코스 7-1 가양대교 시작점,"서울시 선형 공간정보를 연결해 생성한 약 17.5km 구간. 인접 주요 지점: 금천구청역, 황금내 근린공원, 코스 7-1 가양대교 시작점, 지하철 1호선 석수역 1번출구, 지하철 1호선 석수역 2번출구, 안양천",서울시 둘레길/두드림길 공간정보 + 서울시 주요 공원현황(2026 상반기) + 서울시 공중화장실 위치정보,"거리=공간선형 계산, 난이도/감성태그=규칙 기반 파생값(검증 필요)",2.5,21.0,10.3,49.2,71.9,0.03,7.48,585,보통,보통,"최저 2m, 최고 21m, 누적상승 49m, 최대경사 약 7.5%",39,65,안양천둔치공원,0.4,갈산공원|곰돌이공원|공암나루공원|구암공원|금천-금나래중앙공원-1|금천-금나래중앙공원-2|금천-도하소공원-1|금천-독산근린공원-1|금천-말뫼마을마당-1|금천-박미사랑소공원-1|금천-중앙어린이공원-1|금천-풍림어린이공원-1|까치어린이공원|꾸러기공원|남서울공원|독산근린공원|목동근린공원|목마근린공원|비둘기공원|안양천(금천교하부)|안양천고수부지|안양천둔치공원|안양천체육공원|양남어린이공원|염창산공원|용왕산근린공원|증미산둘레길|진달래공원|차없는거리|참새공원|한강시민공원(양화지구)|해누리체육공원|황금내공원,2,POI013|POI125,가산디지털단지역|안양천,인구밀집지역|공원,POI013,가산디지털단지역,0.0,35.744576877234806,20.880974586150618,0.03221174962116797,0.015554929903835014,0.34842830669446373,0.002565207319898077,"화장실 70곳, 음수대 39곳(300m)",서울 실시간 도시데이터 영역 가산디지털단지역|안양천
RM_SEOUL_006,"지하철 3호선, 분당선 수서역 6번 출구 ~ 지하철 2호선, 4호선 사당역 4번출구",서초구,37.461923,127.043907,17.74,어려움,미확인(고도데이터 필요),공원|산림,힐링|녹지|자연|도전|장거리|성취감,매헌시민의숲|대모산도시자연공원|문화예술공원|구룡산도시자연공원,41,"수서역 5번출구|지하철 3호선, 분당선 수서역 6번 출구|지하철 분당선 양재시민의숲역|불국사|매헌 윤봉길의사 기념관|양재 시민의 숲|대성사|대원사|지하철 2호선, 4호선 사당역 4번출구|서울특별시 인재개발원|코스 4-1 대모산 초입|코스 4-2 양재시민의숲 안내소 옆","지하철 3호선, 분당선 수서역 6번 출구","지하철 2호선, 4호선 사당역 4번출구","서울시 선형 공간정보를 연결해 생성한 약 17.7km 구간. 인접 주요 지점: 수서역 5번출구, 지하철 3호선, 분당선 수서역 6번 출구, 지하철 분당선 양재시민의숲역, 불국사, 매헌 윤봉길의사 기념관, 양재 시민의 숲",서울시 둘레길/두드림길 공간정보 + 서울시 주요 공원현황(2026 상반기) + 서울시 공중화장실 위치정보,"거리=공간선형 계산, 난이도/감성태그=규칙 기반 파생값(검증 필요)",17.5,195.2,102.0,590.9,585.5,0.02,31.6,593,어려움,어려움,"최저 18m, 최고 195m, 누적상승 591m, 최대경사 약 31.6%",19,36,양재시민의숲,0.1,개포목련어린이공원|고인돌근린공원|군아파트 어린이공원|궁마을근린공원|까치어린이공원|남태령어린이공원|달터근린공원|문화예술근린공원|방배배수지체육공원|사당 만남의 공원|상록 어린이공원|상명달어린이공원|서울시인재개발원|서초구-두둑재어린이공원-1|서초구-암산어린이공원-1|세원어린이공원|수서까치공원|신중어린이공원|양재근린공원|양재시민의숲|양재천근린공원|예촌 어린이공원|청두어린이공원|한솔공원|효자공원,1,POI029,사당역,인구밀집지역,POI029,사당역,0.0,35.464231532267476,19.147502903600465,0.0326447963800905,0.016528662273095157,0.37863157894736843,0.0024910456383593297,"화장실 41곳, 음수대 19곳(300m)",서울 실시간 도시데이터 영역 사당역
RM_SEOUL_001,코스 7-1 가양대교 시작점 ~ 코스 8-1 선림사 옆,은평구,37.593098,126.899333,18.84,어려움,미확인(고도데이터 필요),하천|공원|산림,힐링|녹지|개방감|물가|자연|도전|장거리|성취감,진관근린공원(구파발폭포)|봉산도시자연공원|상암근린공원|서오능도시자연공원|문화비축기지,43,난지천 공원|하늘공원|월드컵 경기장|홍제천|수국사|은평뉴타운|지하철 3호선 구파발역 3번출구|지하철 6호선 월드컵경기장역 3번 출구|지하철 6호선 디지털미디어시티역 1번 출구|코스 7-1 가양대교 시작점|코스 7-2 증산체육공원 화장실 앞|코스 7-3 애봉산 끝부분,코스 7-1 가양대교 시작점,코스 8-1 선림사 옆,"서울시 선형 공간정보를 연결해 생성한 약 18.8km 구간. 인접 주요 지점: 난지천 공원, 하늘공원, 월드컵 경기장, 홍제천, 수국사, 은평뉴타운",서울시 둘레길/두드림길 공간정보 + 서울시 주요 공원현황(2026 상반기) + 서울시 공중화장실 위치정보,"거리=공간선형 계산, 난이도/감성태그=규칙 기반 파생값(검증 필요)",2.5,228.5,75.8,619.6,472.7,0.74,29.03,630,어려움,어려움,"최저 2m, 최고 228m, 누적상승 620m, 최대경사 약 29.0%",35,73,봉산도시자연공원,14.3,거꾸로 어린이 공원|곰돌이공원|공암나루공원|구산동마을공원|구암공원|궁말어린이공원|나비울 어린이공원|문화비축기지|물푸레근린공원(뉴타운)|봉산도시자연공원|분토골어린이공원|불광천 음수대|상암근린공원|서오능도시자연공원|시루뫼 어린이공원|신가 어린이 공원|연신초교옆마을마당|우물골근린공원(뉴타운)|월드컵경기장공원|월드컵공원|제9호근린공원(뉴타운)|한강시민공원 난지지구|해담는 어린이공원|향림도시농업체험원|황금내공원|휴암문화공원|휴암어린이공원,3,POI090|POI084|POI106,난지한강공원|DMC(디지털미디어시티)|월드컵공원,공원|발달상권|공원,POI090,난지한강공원,0.0,31.258165392633774,15.32643811737362,0.030690929126551445,0.013333102572977963,0.4492765662859121,0.002733900266111304,"화장실 43곳, 음수대 35곳(300m)",서울 실시간 도시데이터 영역 난지한강공원|DMC(디지털미디어시티)|월드컵공원
