name,longitude,latitude,address
신계역사공원,126.9661111,37.53527778,서울특별시 용산구 청파로 139-25
쌍림어린이공원,127.0053056,37.56422222,서울특별시 중구 퇴계로 303-3
와룡공원,126.9912222,37.59030556,서울특별시 종로구 명륜10길 30-8
북악산근린공원,126.989201437,37.592372935,서울특별시 성북구 성북로31길 134
북악산청소년체험의숲,126.988320516,37.592818664,서울특별시 성북구 성북로31길 126-9
남산공원(한남자락),126.997913103,37.541622766,서울특별시 용산구 한남동 772-6
충현어린이공원,127.0051527,37.552223918,서울특별시 중구 동호로11차길 1
충현어린이공원,127.005169786,37.552208216,서울특별시 중구 동호로11차길 1
유아숲체험장,126.953275977,37.589002087,서울특별시 서대문구 홍제동 산 1-168
남산공원(한남자락),126.9988889,37.54194444,서울특별시 용산구 한남동 772-14
명륜어린이공원,126.9983056,37.58811111,서울특별시 종로구 혜화로9길 24-9
남산공원(한남자락),126.999246832,37.541074099,서울특별시 용산구 한남동 산 10-143
우정의공원,126.990286801,37.595166157,서울특별시 성북구 성북로 181
창천근린공원,126.9400556,37.55777778,서울특별시 서대문구 연세로2라길 17-3
낙산공원,127.0070556,37.57805556,서울특별시 종로구 낙산4길 46
다산동마을마당,127.008678966,37.55442667,서울특별시 중구 동호로15길 60
낙산공원,127.0086389,37.57441667,서울특별시 종로구 낙산성곽서길 45
응봉근린공원,127.0036111,37.54333333,서울특별시 용산구 한남대로40길 33
동대문디자인프라자(DDP),127.010339633,37.567088507,서울특별시 중구 을지로 281
한마음어린이공원,126.969932768,37.528568343,서울특별시 용산구 한강대로38길 38
명물소공원,126.9391667,37.55894444,서울특별시 서대문구 명물길 49
서소문구역제5지구소공원,126.975619722,37.562935161,서울특별시 중구 세종대로 73
배재어린이공원,126.9727778,37.56430556,서울특별시 중구 서소문로11길 34
중구-순화어린이공원,126.971285165,37.56343861,서울특별시 중구 서소문로 89-31
정동 근린공원,126.9716667,37.56736111,서울특별시 중구 정동길 25
서울로 7017,126.9745,37.55677778,서울특별시 중구 퇴계로 15
내수2근린공원,126.971524288,37.572464411,서울특별시 종로구 경희궁2길 8-3
서울로 7017,126.9695,37.55675,서울특별시 중구 청파로 426
광화문광장,126.976638525,37.57308659,서울특별시 종로구 세종대로 175
남산공원(회현자락),126.9789167,37.55536111,서울특별시 중구 소파로 46
내수1근린공원,126.9709444,37.57352778,서울특별시 종로구 경희궁2길 5-6
서울로 7017,126.969,37.55575,서울특별시 중구 퇴계로 33
남산공원(회현자락),126.9801111,37.55502778,서울특별시 중구 회현동1가 100-115
손기정공원,126.9661667,37.55688889,서울특별시 중구 손기정로 101
월암공원,126.965662753,37.5710477,서울특별시 종로구 송월길 52
새꿈어린이공원,126.974190813,37.552376274,서울특별시 용산구 후암로57길 31
남산공원(회현자락),126.9817222,37.55433333,서울특별시 중구 소파로 46
명동 문화공원,126.987182384,37.564707525,서울특별시 중구 명동길 91-1
사직단,126.9683333,37.57561111,서울특별시 종로구 사직로 89
충정녹지대,126.9631944,37.55736111,서울특별시 중구 서소문로2길 33-4
손기정공원,126.96475,37.55522222,서울특별시 중구 손기정로 101
남산공원(회현자락),126.983193531,37.553682418,서울특별시 중구 남산공원길 649
손기정공원,126.9643889,37.55508333,서울특별시 중구 만리재로 175
경복궁,126.97825,37.57752778,서울특별시 종로구 사직로 161
탑골공원,126.9881667,37.57086111,서울특별시 종로구 종로 99
새나라어린이공원,126.976389541,37.547987461,서울특별시 용산구 두텁바위로1나길 19
운현궁공원,126.986860926,37.576078869,서울특별시 종로구 삼일대로 464
종로구-사직근린공원(교남체육공원),126.962412496,37.576201257,서울특별시 종로구 통일로12길 76-17
안산 자락길,126.95755179,37.567155203,서울특별시 서대문구 독립문로8길 54
굴레방소공원,126.957989335,37.558339789,서울특별시 서대문구 북아현로4라길 22-6
남산공원(팔각자락),126.9875556,37.55186111,서울특별시 중구 남산공원길 125-72
경복궁,126.977432821,37.581772316,서울특별시 종로구 삼청로 37
북촌정독도서관음수대,126.982,37.58083333,서울특별시 종로구 북촌로5가길 26
남산공원(팔각자락),126.988070763,37.55174661,서울특별시 중구 남산공원길 125-54
종로구-영빈관 앞 분수광장2,126.973196562,37.583039704,서울특별시 종로구 효자로13길 45
종로구-영빈관 앞 분수광장,126.972705721,37.583180826,서울특별시 종로구 효자로13길 45
남산한옥마을,126.9931667,37.55891667,서울특별시 중구 퇴계로32길 42
남산한옥마을,126.9932222,37.55797222,서울특별시 중구 퇴계로34길 28
서대문구-한성어린이공원,126.955256911,37.55924794,서울특별시 서대문구 북아현로 29
무궁화동산,126.9722629,37.584140131,서울특별시 종로구 궁정동 55-3
남산한옥마을,126.9935833,37.55702778,서울특별시 중구 퇴계로34길 28
남산한옥마을,126.9939167,37.55769444,서울특별시 중구 퇴계로34길 28
성북구-범바위 어린이공원,127.021451758,37.585485991,서울특별시 성북구 고려대로8길 5
독립공원,126.956547882,37.574023344,서울특별시 서대문구 통일로 251
남산한옥마을,126.9945,37.55825,서울특별시 중구 퇴계로34길 28
남산공원(한남자락),126.9908333,37.55111111,서울특별시 용산구 남산공원길 126
종로구-무악배드민턴장,126.958282549,37.577653821,서울특별시 종로구 통일로18가길 46
종로구-수성동 계곡,126.963447618,37.582273365,서울특별시 종로구 옥인길 89
종묘,126.992418216,37.576553568,서울특별시 종로구 종로 157
종묘,126.9945556,37.57305556,서울특별시 종로구 종로 157
필동마을마당,126.9956111,37.55786111,서울특별시 중구 퇴계로36가길 54
효창공원,126.963123947,37.545318484,서울특별시 용산구 청파로47길 100
효창공원,126.9613889,37.54638889,서울특별시 용산구 효창원로 177-18
독립공원,126.955236879,37.574826259,서울특별시 서대문구 통일로 251
독립공원,126.955389339,37.575273128,서울특별시 서대문구 통일로 251
효창공원,126.9622222,37.54527778,서울특별시 용산구 효창원로 177-18
독립공원,126.954677297,37.574690727,서울특별시 서대문구 통일로 251
서대문구-너른바위어린이공원,126.95230049,37.558265314,서울특별시 서대문구 신촌로29길 11
종묘,126.9952222,37.57511111,서울특별시 종로구 종로 157
효창공원,126.962116343,37.544545498,서울특별시 용산구 효창원로 177-18
효창공원,126.962135475,37.544245886,서울특별시 용산구 효창원로 177-18
효창공원,126.96099822,37.5449753,서울특별시 용산구 효창원로 177-18
서대문구-모래내어린이공원-1,126.951605652,37.558581706,서울특별시 서대문구 북아현로1가길 20
서대문구-북성어린이공원,126.951459924,37.558637274,서울특별시 서대문구 북아현로1나길 25
정릉천,127.034234848,37.577584499,서울특별시 동대문구 천호대로25길 73
명수 어린이공원,126.9508333,37.56022222,서울특별시 서대문구 북아현로11길 100
안산 현저지구,126.9534444,37.57766667,서울특별시 서대문구 통일로17길 48-2
묵정공원,127.0,37.56383333,서울특별시 중구 퇴계로45길 32-12
소월길어린이공원,126.989342627,37.543501385,서울특별시 용산구 소월로38길 42
삼청공원,126.9840278,37.58841667,서울특별시 종로구 북촌로 134-3
삼청공원,126.98475,37.58858333,서울특별시 종로구 북촌로 134-3
창경궁,126.9951667,37.58122222,서울특별시 종로구 창경궁로 185
쌍용산 어린이공원,126.9506667,37.55213889,서울특별시 마포구 마포대로11길 44-81
남산공원(장충자락),126.9999167,37.55469444,서울특별시 중구 남산공원길 372
청계천,127.0015278,37.56963889,서울특별시 종로구 청계천로 215
남산공원(장충자락),126.9989444,37.55063889,서울특별시 중구 장충동2가 산 14-21
연지1어린이공원,127.001026817,37.574185928,서울특별시 종로구 대학로3길 29
경의선 숲길공원,126.967072027,37.536947051,서울특별시 용산구 원효로 216
남산공원(한남자락),126.994578679,37.54341575,서울특별시 용산구 이태원동 259-16
중부녹지-남산공원(장충자락)-7,127.001734222,37.553825616,서울특별시 중구 장충단로 91
훈련원공원,127.003600532,37.567330767,서울특별시 중구 을지로 227
경의선 숲길공원,126.959395301,37.539251161,서울특별시 용산구 새창로 93
봉원소공원,126.9455,37.56958333,서울특별시 서대문구 봉원사길 65
삼각지어린이공원,126.9752778,37.53444444,서울특별시 용산구 이태원로2길 10
남산공원(장충자락),127.0041389,37.55813889,서울특별시 중구 동호로 257-10
남산공원(한남자락),126.9952778,37.54222222,서울특별시 용산구 소월로 302
경의선숲길,126.932178511,37.554493662,서울특별시 마포구 와우산로32길 38-2
응봉근린공원,127.017386232,37.555156622,서울특별시 성동구 금호로 173
황학어린이공원,127.018215543,37.567465676,서울특별시 중구 다산로48길 33
응봉근린공원,127.0166667,37.55194444,서울특별시 성동구 금호산9가길 57-9
응봉근린공원,127.0166667,37.55166667,서울특별시 성동구 동호로 100
응봉근린공원,127.0169444,37.55222222,서울특별시 성동구 매봉18길 79
중앙소공원,126.9474722,37.59872222,서울특별시 서대문구 홍은중앙로8길 2-9
신용산초등학교,126.9761111,37.52,서울특별시 용산구 이촌로 255
다산어린이공원,127.0189167,37.56408333,서울특별시 중구 다산로42다길 5
궁뜰 어린이 공원,126.930457946,37.568954227,서울특별시 서대문구 연희로15길 31
숭인공원,127.01725,37.57727778,서울특별시 종로구 지봉로12길 22
성동구-옥정소공원,127.01530795,37.545656887,서울특별시 성동구 매봉길 21
용산가족공원,126.984714285,37.520661292,서울특별시 용산구 서빙고로 185
숭인공원,127.018,37.57619444,서울특별시 종로구 종로63가길 43-9
한남더힐마을마당,127.009523956,37.535618984,서울특별시 용산구 독서당로 111
한강시민공원(이촌지구),126.964428295,37.520036993,서울특별시 용산구 이촌동 360
한강시민공원(이촌지구),126.958253336,37.521861111,서울특별시 용산구 이촌동 380
숭인공원,127.0183056,37.57677778,서울특별시 종로구 종로63가길 59-3
숭인공원,127.018234805,37.577220587,서울특별시 종로구 동망산길 150
홍박소공원,126.9488056,37.60155556,서울특별시 서대문구 홍은중앙로9길 52-3
달맞이근린공원,127.020450629,37.545146087,서울특별시 성동구 독서당로44길 25
한강시민공원(이촌지구),126.983082242,37.515277582,서울특별시 용산구 용산동6가 452-1
와우근린공원(서강 어린이),126.9271788,37.549847855,서울특별시 마포구 와우산로30길 135
한강시민공원(이촌지구),126.986080251,37.515784156,서울특별시 용산구 용산동6가 450-1
성북천공원,127.0170833,37.59008333,서울특별시 성북구 고려대로7길 120
무학봉근린공원,127.024682819,37.562327164,서울특별시 중구 난계로6길 8
한강시민공원(이촌안내센터),127.018771218,37.540488279,서울특별시 성동구 옥수동 490-6
한강시민공원(이촌지구),126.987986637,37.515830743,서울특별시 용산구 서빙고동 291-2
성동구-견우어린이공원,127.024778405,37.566441305,서울특별시 성동구 왕십리로 410
백련근린공원(논골지구),126.935110408,37.595023134,서울특별시 서대문구 연희로41길 142
무학봉근린공원,127.0248611,37.56222222,서울특별시 중구 난계로6길 8
궁둥 근린공원(샘터),126.9248889,37.57066667,서울특별시 서대문구 연희로11아길 20-22
이촌한강공원,127.019614144,37.541429118,서울특별시 성동구 동호로 21
홍연 어린이공원,126.9269167,37.58013889,서울특별시 서대문구 증가로10길 96-9
홍록배드민턴장,126.9409444,37.60161111,서울특별시 서대문구 홍은동 산 1-85
참샘골어린이공원,126.9746389,37.61491667,서울특별시 종로구 평창길 272
논골새싹어린이공원,127.0250833,37.55697222,서울특별시 성동구 행당로5길 15-1
꿈나라어린이공원,127.023104511,37.579894826,서울특별시 성북구 안암로1길 22
성북천공원,127.02315158,37.580949591,서울특별시 성북구 안암로5길 44-1
백련근린공원,126.934590978,37.596302804,서울특별시 서대문구 연희로41길 162
서대문구-연남어린이공원,126.925270409,37.578326946,서울특별시 서대문구 증가로8길 36
동교어린이 공원,126.9233333,37.56019444,서울특별시 마포구 연남로 3
와우 어린이공원,126.9253889,37.54880556,서울특별시 마포구 독막로19길 20-13
연서 어린이공원,126.9232222,37.57219444,서울특별시 서대문구 홍제천로 70-1
홍제천변 음수대,126.9233611,37.57344444,서울특별시 서대문구 모래내로 213
무학봉어린이공원,127.027,37.562,서울특별시 성동구 난계로 114-31
무학봉어린이공원,127.027102017,37.561597772,서울특별시 성동구 왕십리로31길 29
무학봉어린이공원,127.0273889,37.56275,서울특별시 성동구 왕십리로31길 21-1
이촌한강공원,127.022782816,37.542446973,서울특별시 성동구 금호동4가 1524-1
이촌한강공원,127.023427549,37.543414024,서울특별시 성동구 금호동4가 1523-2
한강시민공원(여의도안내센터),126.938628636,37.52472139,서울특별시 영등포구 여의동로 280
성동구-꽃재어린이공원,127.028263846,37.56723495,서울특별시 성동구 마장로 161
한강시민공원(여의도안내센터),126.937131246,37.525191979,서울특별시 영등포구 여의도동 85
응봉근린공원,127.027868565,37.554061049,서울특별시 성동구 독서당로57가길 24
용두5구역어린이공원,127.028540174,37.571002337,서울특별시 동대문구 청계천로 461
성북천,127.0281389,37.57433333,서울특별시 동대문구 천호대로9길 6
노들나루공원(노량진배수지시민공원),126.9543333,37.51361111,서울특별시 동작구 노량진로 247
응봉근린공원,127.02822555,37.553555466,서울특별시 성동구 독서당로57가길 24
명물소공원,126.9391389,37.55897222,서울특별시 서대문구 명물길 49
한강시민공원(이촌지구),126.959045998,37.521400547,서울특별시 용산구 양녕로 495
성북근린공원,127.00725,37.59641667,서울특별시 성북구 성북동 168-274
현석어린이공원,126.9333333,37.54430556,서울특별시 마포구 신수로 27-8
한강시민공원(이촌지구),126.966045256,37.519025785,서울특별시 용산구 이촌동 370-1
와우산 체육공원,126.93025,37.55227778,서울특별시 마포구 와우산로30길 81
한강시민공원(이촌지구),126.969150482,37.518379541,서울특별시 용산구 이촌동 302-17
연희푸르지오공원,126.930028875,37.5765933,서울특별시 서대문구 홍연길 63-4
금호근린공원,127.0188889,37.54972222,서울특별시 성동구 금호산9길 9
동망봉어린이공원,127.0170556,37.58377778,서울특별시 성북구 보문사길 30
홍제천변 음수대,126.9299722,37.57755556,서울특별시 서대문구 모래내로 285
현석동 마을마당,126.9335,37.54208333,서울특별시 마포구 신수로3길 3-11
대현산배수지공원,127.021031853,37.556036763,서울특별시 성동구 금호로 166-1
이촌한우리공원,126.981307035,37.517534453,서울특별시 용산구 이촌로 318
한강시민공원(이촌지구),126.9691667,37.51722222,서울특별시 용산구 이촌로72길 62
서강나루문화공원,126.9312778,37.54536111,서울특별시 마포구 토정로 185
한강시민공원망원지구,126.9330278,37.54172222,서울특별시 마포구 현석동 218
대현산배수지공원,127.021673668,37.558360341,서울특별시 중구 신당동 36
한강시민공원(이촌지구),126.9694444,37.51694444,서울특별시 용산구 이촌로72길 62
서대문구-홍남어린이공원,126.929213198,37.57811398,서울특별시 서대문구 증가로4길 81
현충원,126.977387965,37.501434742,서울특별시 동작구 현충로 210
북한산 호박골지구,126.9471667,37.60302778,서울특별시 서대문구 홍은중앙로9나길 55-27
한강시민공원(이촌지구),126.971998246,37.51652425,서울특별시 용산구 이촌동 302-17
숭인어린이놀이터,127.0204444,37.57788889,서울특별시 종로구 숭인동1나길 19-12
한강시민공원(이촌지구),126.972955294,37.516402335,서울특별시 용산구 이촌동 302-133
정원소공원,126.9323889,37.58641667,서울특별시 서대문구 연희로39길 78
북한산 홍은한마당,126.9442778,37.60113889,서울특별시 서대문구 홍은중앙로3길 84
궁동산 놀이터,126.9275833,37.57291667,서울특별시 서대문구 연희로11자길 14-42
북한산 돌산축구장,126.9466111,37.60313889,서울특별시 서대문구 홍은동 10-305
한강시민공원(이촌지구),126.975,37.51583333,서울특별시 용산구 이촌동 338-1
한강시민공원(이촌지구),127.007376036,37.528333871,서울특별시 용산구 한남동 782-1
한강시민공원(이촌지구),126.978244914,37.515666429,서울특별시 용산구 이촌동 363-1
감나무골어린이공원,126.9706111,37.61263889,서울특별시 종로구 평창길 212-6
백련근린공원,126.933578142,37.590191362,서울특별시 서대문구 연희로41가길 21-8
백련근린공원,126.93210333,37.587885854,서울특별시 서대문구 연희로39나길 30
미소어린이공원,127.0234167,37.55975,서울특별시 성동구 난계로 73
한강시민공원(이촌지구),126.98019996,37.515222118,서울특별시 용산구 이촌동 363-1
노들섬,126.958490327,37.517646118,서울특별시 용산구 양녕로 445
한강시민공원(이촌지구),127.002144503,37.52321703,서울특별시 용산구 보광동 445-1
한강시민공원(이촌지구),126.986840909,37.516244901,서울특별시 용산구 서빙고동 288
명물소공원,126.9391111,37.55897222,서울특별시 서대문구 명물길 49
낙산공원,127.0070278,37.58025,서울특별시 종로구 낙산길 54
청계천,127.010378358,37.569822004,서울특별시 종로구 청계천로 295
낙산공원,127.0085833,37.57688889,서울특별시 종로구 낙산성곽서길 103-2
인왕산 쌈지마당,126.950304783,37.591027574,서울특별시 서대문구 문화촌2길 26
성북동쉼터,126.9981111,37.592,서울특별시 종로구 혜화로 63
홍제아이파크놀이터,126.944146973,37.584378376,서울특별시 서대문구 모래내로24길 1
낙산공원,127.00675,37.58216667,서울특별시 성북구 삼선교로4길 114-14
창이어린이놀이터,127.008599188,37.578638796,서울특별시 종로구 낙산성곽동길 69
경의선숲길,126.942212957,37.546424856,서울특별시 마포구 독막로 257
도화소 어린이공원,126.9456944,37.54111111,서울특별시 마포구 큰우물로 76
대흥어린이공원,126.9435833,37.54363889,서울특별시 마포구 토정로31길 55-10
낙산공원,127.008018484,37.580833408,서울특별시 종로구 동숭동 50-151
안산도시자연공원,126.9397778,37.57722222,서울특별시 서대문구 연희동 산 2-13
낙산공원,127.00857717,37.580265634,서울특별시 종로구 낙산성곽서길 184
복사꽃 공원,126.9464444,37.53902778,서울특별시 마포구 마포대로4길 11-1
삼개어린이공원,126.9450278,37.54061111,서울특별시 마포구 토정로37길 12
혜화문쉼터,127.004,37.58813889,서울특별시 성북구 창경궁로35길 87
안산 자연학습장,126.9389167,37.57733333,서울특별시 서대문구 연희로36길 32
서빙고 기와터공원,126.969633879,37.526025188,서울특별시 용산구 서빙고로 31
응암새싹어린이공원,126.921299605,37.593128757,서울특별시 은평구 응암로22길 28-10
경의선숲길,126.93975,37.54794444,서울특별시 마포구 백범로10길 32
삼선어린이공원,127.008657903,37.583060142,서울특별시 성북구 삼선교로4나길 19
대궐제 어린이공원,126.9370278,37.57408333,서울특별시 서대문구 연희로26나길 21
낙산공원,127.0105,37.57991667,서울특별시 종로구 창신길 210-11
고은산 놀이터,126.9418611,37.58558333,서울특별시 서대문구 통일로37나길 65
토정 어린이공원,126.9433056,37.54055556,서울특별시 마포구 토정로 307
산마루놀이터공원,127.01235647,37.575580786,서울특별시 종로구 창신6가길 39
약수동마을마당,127.012623227,37.552890442,서울특별시 중구 동호로8나길 14
약수동마을마당,127.012744709,37.552707294,서울특별시 중구 동호로8나길 15
떡볶이 마을마당,127.0144722,37.56336111,서울특별시 중구 다산로33가길 23
서빙고근린공원,126.972072652,37.52443396,서울특별시 용산구 용산동5가 24-2
문화소공원,126.9488889,37.59466667,서울특별시 서대문구 세검정로 78-10
성북천공원,127.0065833,37.58827778,서울특별시 성북구 동소문로 2
청구어린이공원,127.0138056,37.55577778,서울특별시 중구 다산로14길 47
안산도시자연공원,126.9381111,37.58038889,서울특별시 서대문구 모래내로 376-19
낙산공원,127.010834192,37.581500839,서울특별시 성북구 삼선교로16길 116
약수사랑터,127.0130833,37.55158333,서울특별시 중구 동호로5길 19
홍제천변 음수대,126.945624985,37.592783583,서울특별시 서대문구 세검정로3길 26
문화촌 어린이공원,126.947480294,37.595020849,서울특별시 서대문구 간호대로 11-50
홍제천변 음수대,126.93752025,37.581870544,서울특별시 서대문구 모래내로 376-15
한강시민공원(이촌지구),126.951988523,37.529739318,서울특별시 용산구 이촌동 173-3
용산가족공원,126.984292297,37.52401474,서울특별시 용산구 서빙고로 137
한강시민공원망원지구,126.946119155,37.534092502,서울특별시 용산구 청암동 170-1
응봉근린공원,127.014155046,37.551053494,서울특별시 중구 동호로8나길 50-16
보은소공원,126.9465833,37.59494444,서울특별시 서대문구 홍은중앙로 41
서대문구-궁말어린이공원,126.933591697,37.571210497,서울특별시 서대문구 연희로 153-8
응봉근린공원,127.0141944,37.55047222,서울특별시 성동구 금호동3가 산 2-1
마포 어린이공원,126.9439444,37.53563889,서울특별시 마포구 마포대로4다길 31
서대문구-안산도시자연공원,126.938427818,37.585438775,서울특별시 서대문구 송죽길 49
응봉근린공원,127.006983858,37.536762138,서울특별시 용산구 한남대로28가길 31-12
새싹어린이공원,126.954406718,37.526962288,서울특별시 용산구 이촌로14길 11-22
응봉근린공원,127.006993875,37.536530082,서울특별시 용산구 한남대로 90
불천 어린이공원,126.947807576,37.597102225,서울특별시 서대문구 간호대로 26
한강시민공원망원지구,126.9415833,37.53719444,서울특별시 마포구 마포동 422
용산가족공원,126.984212426,37.522260131,서울특별시 용산구 용산동6가 68-92
강변소공원 창의어린이놀이터,126.975,37.52111111,서울특별시 용산구 이촌로65가길 91
보광 달맞이공원,126.998120902,37.527929854,서울특별시 용산구 보광로31길 21-29
용산가족공원,126.983892134,37.521730313,서울특별시 용산구 서빙고로 185
응봉근린공원,127.0169444,37.55361111,서울특별시 중구 동호로10길 30
개운산근린공원,127.026634108,37.599296964,서울특별시 성북구 종암로19다길 42-16
현충원,126.970602064,37.501517195,서울특별시 동작구 동작동 215-5
합정 어린이공원,126.9130556,37.55169444,서울특별시 마포구 양화로11길 63
녹번마을마당공원,126.9276111,37.60608333,서울특별시 은평구 녹번로3길 12-4
노량진근린공원,126.944126515,37.509003011,서울특별시 동작구 만양로13가길 28-4
서마장어린이공원,127.037329069,37.571695093,서울특별시 성동구 청계천로 546
현충원,126.968349501,37.50128174,서울특별시 동작구 현충로 210
현충원,126.969804377,37.501128288,서울특별시 동작구 현충로 210
길음어울림마당,127.024684761,37.60299365,서울특별시 성북구 동소문로 248-1
한강시민공원(여의도안내센터),126.919391307,37.533263317,서울특별시 영등포구 여의도동 82-3
노량진근린공원,126.9440556,37.50866667,서울특별시 동작구 만양로13가길 34-1
한강시민공원(여의도안내센터),126.919260941,37.533289717,서울특별시 영등포구 여의도동 82-3
살곶이공원,127.036987017,37.551487747,서울특별시 성동구 응봉동 235-1
방아다리어린이공원,127.034737466,37.585081177,서울특별시 동대문구 제기로2가길 8
개운산근린공원,127.0268889,37.60052778,서울특별시 성북구 돈암동 산 3-3
현충원,126.971522087,37.500601931,서울특별시 동작구 동작동 223-3
현충원,126.975171745,37.500449198,서울특별시 동작구 현충로 210
늘푸른어린이공원,127.020423493,37.608533186,서울특별시 성북구 길음로13길 11
매바위어린이공원,126.919360908,37.595899871,서울특별시 은평구 응암로 271
성산 근린공원,126.91075,37.56247222,서울특별시 마포구 월드컵북로15안길 26
앙카라(자매)공원,126.931103,37.517240212,서울특별시 영등포구 여의대방로 372-1
보람어린이공원,127.038711224,37.566089607,서울특별시 성동구 마장로 271
현충원,126.973319218,37.500039849,서울특별시 동작구 동작동 225-4
솔향기어린이공원,127.0215278,37.60797222,서울특별시 성북구 길음로 16
여의도공원,126.9230556,37.52583333,서울특별시 영등포구 여의공원로 68
현충원,126.977305564,37.499866017,서울특별시 동작구 동작동 162-5
현충원,126.973995503,37.499592184,서울특별시 동작구 동작동 165-3
현충원,126.971523053,37.499662271,서울특별시 동작구 동작동 215-5
현충원,126.970413954,37.499718146,서울특별시 동작구 현충로 210
여의도공원,126.922,37.52666667,서울특별시 영등포구 여의공원로 68
새록어린이공원,126.923586484,37.603937999,서울특별시 은평구 은평로11길 34-1
포수동어린이공원,126.9193611,37.59802778,서울특별시 은평구 은평로8길 28
거꾸로 어린이 공원,126.9131111,37.58519444,서울특별시 서대문구 증가로32안길 31-10
앙카라(자매)공원,126.9294444,37.51722222,서울특별시 영등포구 여의대방로 372-1
참다래 어린이공원,126.9173889,37.59530556,서울특별시 은평구 응암로25길 8
현충원,126.974820458,37.49891533,서울특별시 동작구 동작동 165-3
현충원,126.973078248,37.498912079,서울특별시 동작구 동작동 165-3
살곶이공원,127.038954464,37.552342716,서울특별시 성동구 살곶이길 313-143
한강시민공원(여의도안내센터),126.930045596,37.51641263,서울특별시 영등포구 여의도동 57
정릉천,127.0363611,37.58636111,서울특별시 동대문구 정릉천동로 157
은평평화공원,126.9235556,37.60522222,서울특별시 은평구 서오릉로 45
용두공원,127.0396944,37.57305556,서울특별시 동대문구 용두동 47-4
신사목련공원,127.025765474,37.522801593,서울특별시 강남구 논현로159길 32
북한산도시자연공원,127.0088889,37.62027778,서울특별시 강북구 솔샘로 159
응봉근린공원,127.0283889,37.55430556,서울특별시 성동구 행당동 324-334
한강시민공원(여의도안내센터),126.932572668,37.529379474,서울특별시 영등포구 여의도동 84-10
노들나루공원(노량진배수지시민공원),126.953443103,37.513805638,서울특별시 동작구 노량진로 247
응봉근린공원,127.0288889,37.55433333,서울특별시 성동구 행당동 324-334
삼각소공원,126.920829465,37.576506836,서울특별시 서대문구 가재울로 82
응봉근린공원,127.0288056,37.55252778,서울특별시 성동구 독서당로57가길 24
가좌 어린이공원,126.920578548,37.57582171,서울특별시 서대문구 가재울로 45
한강시민공원(여의도안내센터),126.9333333,37.52722222,서울특별시 영등포구 여의동로 343
한강시민공원(여의도안내센터),126.9333333,37.52722222,서울특별시 영등포구 여의동로 343
한강시민공원반포지구,126.965293009,37.50947028,서울특별시 동작구 현충로 85-12
성동구-장미원공원,127.02887435,37.552104178,서울특별시 성동구 독서당로57길 42
응봉근린공원,127.02909269,37.552939249,서울특별시 성동구 독서당로63길 63-1
독서당공원,127.0289444,37.55005556,서울특별시 성동구 독서당로 375
서대문구-가재울어린이공원,126.91925742,37.573135525,서울특별시 서대문구 모래내로15길 37
한강시민공원잠원지구,127.0116944,37.52183333,서울특별시 서초구 잠원동 147-1
한강시민공원잠원지구,127.0131111,37.52302778,서울특별시 강남구 신사동 488-1
한강시민공원잠원지구,127.0140556,37.52386111,서울특별시 강남구 신사동 488-1
한강시민공원잠원지구,127.0109167,37.52094444,서울특별시 서초구 잠원로 221-124
응암9구역어린이공원,126.9229722,37.58666667,서울특별시 은평구 백련산로 10
하랑어린이공원,126.931128605,37.600245303,서울특별시 은평구 은평로18길 12-8
한강시민공원잠원지구,127.012236931,37.521821481,서울특별시 서초구 잠원로 221-124
노원구-당현어린이공원-1,127.074883852,37.660262084,서울특별시 노원구 덕릉로83길 12
한강시민공원(여의도안내센터),126.928517035,37.531369929,서울특별시 영등포구 여의도동 84-9
한강시민공원망원지구,126.9218056,37.54388889,서울특별시 마포구 상수동 361
한강시민공원잠원지구,127.0111389,37.52077778,서울특별시 서초구 잠원로 221-124
사육신공원,126.9481944,37.51405556,서울특별시 동작구 노량진로 191
한강시민공원잠원지구,127.0168611,37.52627778,서울특별시 강남구 압구정동 386
도선어린이공원,127.0313611,37.56544444,서울특별시 성동구 무학로8길 8
응봉근린공원,127.0296111,37.54938889,서울특별시 성동구 독서당로 375
물새 어린이공원,126.96275,37.50852778,서울특별시 동작구 서달로15길 12
한강시민공원잠원지구,127.0084444,37.51833333,서울특별시 서초구 잠원동 121
한강시민공원잠원지구,127.0066389,37.51705556,서울특별시 서초구 잠원동 121
한강시민공원잠원지구,127.0181667,37.52736111,서울특별시 강남구 압구정동 386
한울어린이공원,127.0136111,37.60594444,서울특별시 성북구 정릉로27가길 6
정릉동적환장쉼터,127.01596017,37.60362969,서울특별시 성북구 정릉로31가길 2
본동 어린이공원,126.9545556,37.51069444,서울특별시 동작구 노량진로26길 32-12
솔숲어린이공원,127.0148611,37.60483333,서울특별시 성북구 서경로 12
한강시민공원반포지구,126.9988611,37.51233333,서울특별시 서초구 잠원동 122-1
한강시민공원잠원지구,127.010694645,37.519714945,서울특별시 서초구 잠원동 121
북한산도시자연공원,126.9411944,37.61055556,서울특별시 은평구 진흥로 290
응봉근린공원,127.0298889,37.54880556,서울특별시 성동구 응봉동 269
한강시민공원잠원지구,127.010009347,37.518950459,서울특별시 서초구 잠원동 121
백련공원아리수샘터,126.926015446,37.59449929,서울특별시 은평구 백련산로4길 25
한강시민공원(여의도안내센터),126.928,37.53055556,서울특별시 영등포구 여의도동 84
한강시민공원(여의도안내센터),126.928,37.53055556,서울특별시 영등포구 여의도동 84
한강시민공원반포지구,127.0052222,37.51525,서울특별시 서초구 잠원동 122-1
한강시민공원잠원지구,127.020808167,37.529520335,서울특별시 강남구 압구정동 379-1
한강시민공원반포지구,127.0044167,37.5145,서울특별시 서초구 잠원동 122-1
북한산도시자연공원,126.9409167,37.61116667,서울특별시 은평구 진흥로19길 6
한강시민공원(여의도안내센터),126.9263889,37.53222222,서울특별시 영등포구 여의서로 62
한강시민공원반포지구,127.0001111,37.51197222,서울특별시 서초구 잠원동 122-1
한강시민공원반포지구,127.0012778,37.51252778,서울특별시 서초구 잠원동 122-1
암벽공원,127.030668391,37.54855369,서울특별시 성동구 독서당로60길 13-1
한강시민공원잠원지구,127.0198333,37.52744444,서울특별시 강남구 압구정동 386
은가 어린이공원,126.9195,37.58269444,서울특별시 서대문구 증가로20가길 91
정릉천변,126.9993611,37.61691667,서울특별시 성북구 보국문로 193-1
양천리누리터어린이공원,126.934182143,37.606161502,서울특별시 은평구 통일로 674
매화어린이공원,127.020324881,37.600732793,서울특별시 성북구 정릉로42길 24
까망돌 어린이공원,126.964162303,37.506592086,서울특별시 동작구 흑석한강로 12
한강시민공원반포지구,127.001071161,37.511905001,서울특별시 서초구 잠원동 122-1
갈매연어린이공원,126.917367055,37.577392267,서울특별시 서대문구 증가로 191
동작주차근린공원,126.9787778,37.50330556,서울특별시 동작구 현충로 213
한강시민공원반포지구,126.9944167,37.50869444,서울특별시 서초구 신반포로11길 40
한강시민공원반포지구,126.9929167,37.50802778,서울특별시 서초구 신반포로11길 40
응암행복어린이공원,126.921202925,37.589157877,서울특별시 은평구 백련산로 37
영본초등학교 공원,126.949,37.51088889,서울특별시 동작구 만양로12가길 69
다솜 어린이공원,126.9154722,37.56263889,서울특별시 마포구 월드컵북로12길 37
응봉개나리어린이공원,127.0319167,37.54855556,서울특별시 성동구 독서당로62가길 64
한강시민공원반포지구,126.9845278,37.50563889,서울특별시 서초구 반포동 1333-1
한강시민공원반포지구,126.9896111,37.50658333,서울특별시 서초구 반포동 1335-2
고구동산공원,126.9546667,37.50808333,서울특별시 동작구 매봉로6길 16
고구동산공원,126.9538333,37.50819444,서울특별시 동작구 매봉로6길 16
신사근린공원,127.02104314,37.526402603,서울특별시 강남구 압구정동 422
별빛소누리공원,127.016273493,37.607235172,서울특별시 성북구 서경로6길 13
개운산근린공원,127.026285448,37.59487898,서울특별시 성북구 안암동5가 산 1-95
영본초등학교 공원,126.9488056,37.50991667,서울특별시 동작구 만양로12가길 69
다래어린이공원,126.9190556,37.58722222,서울특별시 은평구 응암로12길 12-43
여의도공원,126.9258333,37.52888889,서울특별시 영등포구 여의공원로 68
개운산근린공원,127.025838432,37.596150334,서울특별시 성북구 북악산로 935-25
응암1동마을마당,126.9260556,37.59991667,서울특별시 은평구 은평로12길 13-14
한강시민공원(여의도안내센터),126.922756014,37.533221224,서울특별시 영등포구 여의서로 62
한강시민공원(여의도안내센터),126.9227778,37.53305556,서울특별시 영등포구 여의서로 62
응삼어린이공원,127.03525,37.55475,서울특별시 성동구 고산자로 164
현충원,126.975613346,37.502821727,서울특별시 동작구 현충로 210
여의도공원,126.9255556,37.52722222,서울특별시 영등포구 여의공원로 68
서대문구-모래내어린이공원,126.913748449,37.572369193,서울특별시 서대문구 가재울미래로 53
반원어린이공원,127.003078172,37.509560922,서울특별시 서초구 잠원동 72-1
청소년수련관구의회,127.036262934,37.562373217,서울특별시 성동구 고산자로 260
응암4동어린이공원,126.9160833,37.58338889,서울특별시 은평구 가좌로7라길 32-3
청소년수련관구의회,127.0363889,37.56277778,서울특별시 성동구 고산자로 260
여의도공원,126.924729637,37.527881342,서울특별시 영등포구 여의공원로 68
현충원,126.976629045,37.502375553,서울특별시 동작구 현충로 210
녹번서근린공원,126.9271389,37.60372222,서울특별시 은평구 녹번로1길 1
한강시민공원(여의도안내센터),126.920824889,37.533029246,서울특별시 영등포구 여의도동 82-9
한강시민공원(여의도안내센터),126.920689179,37.53301506,서울특별시 영등포구 여의도동 82-9
현충원,126.971617698,37.501884538,서울특별시 동작구 동작동 215-5
파랑새어린이공원,126.9952222,37.50527778,서울특별시 서초구 신반포로15길 29
중앙 근린공원,126.9131944,37.57513889,서울특별시 서대문구 거북골로 148
현충원,126.976007027,37.501532281,서울특별시 동작구 동작동 198-1
북한산도시자연공원,127.0111111,37.625,서울특별시 강북구 인수봉로17길 24-3
살곶이공원,127.0454167,37.56958333,서울특별시 성동구 살곶이길 69
불당골마을마당,127.0191667,37.61944444,서울특별시 강북구 솔샘로50길 8
동마장어린이공원,127.0457222,37.56616667,서울특별시 성동구 마장로42길 13
신사근린공원,126.9095,37.59297222,서울특별시 은평구 은평터널로 164
벌집어린이공원,127.036720354,37.599571336,서울특별시 성북구 월곡로7길 61
노량진근린공원,126.928194139,37.509911686,서울특별시 동작구 여의대방로44길 39
하늘어린이공원,127.0130556,37.62444444,서울특별시 강북구 인수봉로 50
언구비어린이공원,127.020145147,37.50890139,서울특별시 서초구 사평대로53길 102-5
역촌동 청사부속시설 놀이터,126.91525,37.60427778,서울특별시 은평구 연서로 59
역촌2동마을마당,126.9153333,37.60444444,서울특별시 은평구 연서로 59
종암어린이공원,127.037042238,37.600300435,서울특별시 성북구 종암로24가길 53
한강시민공원(여의도안내센터),126.913537546,37.525951485,서울특별시 영등포구 여의도동 19-1
도산공원,127.03525,37.52480556,서울특별시 강남구 언주로164길 20
노량진근린공원,126.927772249,37.509224615,서울특별시 동작구 여의대방로44길 39
도산공원,127.035,37.52436111,서울특별시 강남구 도산대로45길 20
한강시민공원(여의도안내센터),126.9163889,37.52138889,서울특별시 영등포구 여의도동 29
새락골어린이공원,126.9111667,37.59888889,서울특별시 은평구 은평로3가길 34
청룡어린이공원,126.9995278,37.49594444,서울특별시 서초구 서래로2길 21
간데메공원,127.0491944,37.5735,서울특별시 동대문구 답십리로38길 14
대조동어린이공원,126.9200278,37.61566667,서울특별시 은평구 연서로24길 13
논현까치공원,127.02501664,37.508375758,서울특별시 강남구 강남대로122길 23
노량진근린공원,126.926501034,37.506415239,서울특별시 동작구 여의대방로36길 71
솔샘어린이공원,127.0272222,37.61805556,서울특별시 강북구 도봉로19길 32
대조동어린이공원,126.9196389,37.61547222,서울특별시 은평구 연서로22길 9-30
체류지마을마당,127.032898917,37.611947484,서울특별시 강북구 월계로7가길 9
봉산도시자연공원,126.9022222,37.58472222,서울특별시 은평구 증산로5길 35-27
동작구-도화공원-1,126.93517878,37.499869884,서울특별시 동작구 성대로17길 52
월드컵경기장공원,126.8994444,37.56975,서울특별시 마포구 월드컵로 240
제비어린이공원,126.926,37.5065,서울특별시 동작구 대방동길 74
큰마을마당,127.022085892,37.623177706,서울특별시 강북구 도봉로45길 88
월드컵경기장공원,126.898893695,37.572387326,서울특별시 마포구 성산동 산 53-28
살곶이공원,127.050260459,37.553947913,서울특별시 성동구 용답동 222-2
월드컵경기장공원,126.8985278,37.57069444,서울특별시 마포구 성산동 502
논현개나리공원,127.030069418,37.511408755,서울특별시 강남구 학동로26길 31
청림어린이공원(어울림길),126.96175,37.48877778,서울특별시 관악구 관악로30길 27
홍릉공원,127.0469444,37.58930556,서울특별시 동대문구 회기로10길 78
청량리동마을마당,127.047990721,37.586232315,서울특별시 동대문구 왕산로45길 63
동작구-상도근린공원-1,126.940728525,37.495539992,서울특별시 동작구 양녕로23길 27
빨래골어린이공원,127.014883238,37.629457687,서울특별시 강북구 인수봉로28나길 26
성원어린이공원,127.050110227,37.550217999,서울특별시 성동구 상원10길 21
청림어린이공원(어울림길),126.961877433,37.488374295,서울특별시 관악구 관악로30길 27
홍릉공원,127.0470278,37.59016667,서울특별시 동대문구 회기로10길 60
샛말어린이공원,127.050430953,37.577388154,서울특별시 동대문구 답십리로23길 30
연신내물빛공원,126.9206944,37.61891667,서울특별시 은평구 통일로 855-8
한강시민공원(양화지구),126.9021626,37.538497564,서울특별시 영등포구 노들로 221
시내어린이공원,126.9273889,37.62491667,서울특별시 은평구 연서로37길 41
서초구-가꿀어린이공원-1,126.987412596,37.4880437,서울특별시 서초구 방배중앙로15길 19
월드컵경기장공원,126.89775,37.57063889,서울특별시 마포구 성산동 509-5
중마루공원,126.911627874,37.519452261,서울특별시 영등포구 영등포로53길 6
송월어린이공원,127.0319444,37.61611111,서울특별시 강북구 오현로 16-8
새벽 어린이공원,126.9302222,37.50066667,서울특별시 동작구 상도로13길 7
길마어린이공원,126.9159444,37.61472222,서울특별시 은평구 연서로21길 15
한강시민공원(양화지구),126.900971596,37.539516811,서울특별시 영등포구 선유로 314
한강시민공원망원지구,126.8976944,37.55308333,서울특별시 마포구 마포나루길 429
연신초교옆마을마당,126.9286389,37.62688889,서울특별시 은평구 연서로 347
새장골어린이공원,126.9262778,37.62525,서울특별시 은평구 연서로37가길 10-12
상도근린공원,126.94325,37.49269444,서울특별시 동작구 양녕로20길 3
봉산도시자연공원,126.9039167,37.59719444,서울특별시 은평구 가좌로11가길 38-10
텃골공원,127.0516667,37.57766667,서울특별시 동대문구 서울시립대로12길 39
망원동 마을마당,126.9031944,37.55127778,서울특별시 마포구 동교로 2
노량진근린공원,126.9275556,37.50866667,서울특별시 동작구 여의대방로36길 71
삼양마을마당,127.018248682,37.622504124,서울특별시 강북구 삼양로43길 32
살곶이공원,127.046923279,37.553973462,서울특별시 성동구 사근동 104
수도박물관,127.0430556,37.53866667,서울특별시 성동구 왕십리로 27
수도박물관,127.0430556,37.53866667,서울특별시 성동구 왕십리로 27
수도박물관,127.0430556,37.53866667,서울특별시 성동구 왕십리로 27
홍제천 생태하천공원,126.9017222,37.56333333,서울특별시 마포구 월드컵로 207
성동-사근어린이공원,127.04767544,37.56345765,서울특별시 성동구 사근동11나길 20
도산공원,127.035947104,37.524283079,서울특별시 강남구 도산대로45길 20
용답근린공원,127.0475556,37.56991667,서울특별시 성동구 천호대로 232
옹달샘어린이공원,126.9021667,37.55486111,서울특별시 마포구 망원로2길 51
불광동자투리녹지,126.925750348,37.61848713,서울특별시 은평구 통일로78가길 11
성북구-동산어린이공원,127.03467506,37.606255223,서울특별시 성북구 종암로36길 53
노량진근린공원,126.9276944,37.50791667,서울특별시 동작구 여의대방로36길 71
연천초교앞마을마당,126.9286667,37.62122222,서울특별시 은평구 연서로34길 20
살곶이공원,127.0474444,37.55411111,서울특별시 성동구 사근동 103-1
청암어린이공원,127.01716735,37.624122115,서울특별시 강북구 삼양로53길 19-9
노량진근린공원,126.9326667,37.50386111,서울특별시 동작구 상도로15사길 8
대조청사옆마을마당,126.9206111,37.61411111,서울특별시 은평구 연서로20길 24-3
봉산도시자연공원,126.904040051,37.584885739,서울특별시 은평구 증산로5길 37-11
정릉천,127.0377222,37.60233333,서울특별시 성북구 화랑로 47
두리어린이공원,126.9010278,37.56022222,서울특별시 마포구 월드컵로31길 77
노량진근린공원,126.9279444,37.50697222,서울특별시 동작구 여의대방로36길 71
노량진근린공원,126.928179136,37.506687021,서울특별시 동작구 여의대방로36길 71
반포배수지몽마르뜨공원,127.0035556,37.49602778,서울특별시 서초구 반포동 산 59-1
새움어린이공원,127.048529243,37.570672613,서울특별시 동대문구 천호대로 231
간데메공원,127.0482222,37.57358333,서울특별시 동대문구 답십리로30길 36
일신어린이공원,127.039636451,37.599960185,서울특별시 성북구 월곡로11길 5-4
역말어린이공원,126.9140278,37.60694444,서울특별시 은평구 갈현로14길 29-1
연신 어린이공원,126.9250278,37.61963889,서울특별시 은평구 연서로32길 11-14
논현목련(어린이공원),127.026891901,37.510863143,서울특별시 강남구 강남대로124길 65
뒷벌어린이공원,126.986988527,37.490541102,서울특별시 서초구 방배중앙로 121
상원어린이공원,127.04749735,37.547501705,서울특별시 성동구 상원길 47
살곶이공원,127.0487778,37.55447222,서울특별시 성동구 사근동 104
살곶이공원,127.0487778,37.55447222,서울특별시 성동구 사근동 104
한강시민공원망원지구,126.9011111,37.55111111,서울특별시 마포구 마포나루길 429
봉산도시자연공원,126.902492042,37.583717437,서울특별시 은평구 증산로5길 35-27
한강시민공원망원지구,126.9011111,37.55058333,서울특별시 마포구 합정동 465-6
한강시민공원(양화지구),126.904625474,37.537664993,서울특별시 영등포구 노들로 237
반포배수지몽마르뜨공원,127.0033889,37.49480556,서울특별시 서초구 반포동 산 93
현충원,126.972222406,37.498349417,서울특별시 동작구 동작동 267-2
현충원,126.970468578,37.498391143,서울특별시 동작구 현충로 210
불광천 음수대,126.9125278,37.5865,서울특별시 은평구 증산로 337
서울숲공원,127.0389444,37.54872222,서울특별시 성동구 뚝섬로 273
불광천 음수대,126.9143056,37.59105556,서울특별시 은평구 불광천길 382
나비울 어린이공원,126.9093333,37.57494444,서울특별시 서대문구 수색로 100-75
은평평화공원,126.9230833,37.60569444,서울특별시 은평구 서오릉로 63
여의도공원,126.9208333,37.52555556,서울특별시 영등포구 여의공원로 68
양화진 역사공원,126.911111932,37.545496431,서울특별시 마포구 토정로 2
마장어린이공원,127.041,37.56208333,서울특별시 성동구 마조로11길 6
현충원,126.973047901,37.497595962,서울특별시 동작구 동작동 267-2
현충원,126.971017758,37.497519287,서울특별시 동작구 현충로 210
관동 어린이공원,126.9295833,37.6135,서울특별시 은평구 통일로68가길 15
해담는 어린이공원,126.9103611,37.58236111,서울특별시 서대문구 증가로29길 30-47
햇님 어린이공원,126.9513056,37.5015,서울특별시 동작구 상도로47길 51
불광천 음수대,126.914477208,37.593368047,서울특별시 은평구 증산로 414
현충근린공원,126.959377457,37.498983122,서울특별시 동작구 흑석동 330
분토골어린이공원,126.911727483,37.586890353,서울특별시 은평구 증산로11길 5
동작구-현충근린공원-2,126.957801945,37.499316614,서울특별시 동작구 흑석동 산 42-1
신사개나리공원,127.0295556,37.52555556,서울특별시 강남구 압구정로32길 32
서울숲공원,127.0394722,37.54633333,서울특별시 성동구 뚝섬로 273
고암어린이공원,127.031790397,37.599903406,서울특별시 성북구 종암로25길 17
현충원,126.973178355,37.496740255,서울특별시 동작구 동작동 256-5
신반포근린공원,126.9981111,37.50088889,서울특별시 서초구 반포동 18-5
성황당어린이공원,126.9073056,37.56905556,서울특별시 마포구 월드컵북로 198-17
불광천 음수대,126.9161389,37.59797222,서울특별시 은평구 불광천길 536
여의도공원,126.92,37.52416667,서울특별시 영등포구 여의공원로 68
서울숲공원,127.0393333,37.54352778,서울특별시 성동구 서울숲2길 8-15
불광 어린이공원,126.9313333,37.61638889,서울특별시 은평구 불광로9가길 1
현충원,126.971382429,37.496340142,서울특별시 동작구 동작동 267-2
현충원,126.967772031,37.496567297,서울특별시 동작구 현충로 210
불광천 음수대,126.909203312,37.582563701,서울특별시 서대문구 불광천길 166
여의도공원,126.9191667,37.52472222,서울특별시 영등포구 여의공원로 68
신가 어린이 공원,126.9085,37.58036111,서울특별시 서대문구 거북골로22길 29-16
서울숲공원,127.0392222,37.54180556,서울특별시 성동구 성수동1가 685-715
길빛근린공원,127.026044336,37.609227394,서울특별시 성북구 숭인로2길 61
살곶이공원,127.04225,37.55322222,서울특별시 성동구 행당동 81-1
불광근린공원,126.9299167,37.61591667,서울특별시 은평구 불광로5가길 9-18
북한산도시자연공원,127.0097222,37.62305556,서울특별시 강북구 미아동 산 108-7
서울숲공원,127.0408889,37.54594444,서울특별시 성동구 뚝섬로 273
한강시민공원(여의도안내센터),126.912827135,37.53428544,서울특별시 영등포구 여의서로 160
서울숲공원,127.0404167,37.54377778,서울특별시 성동구 뚝섬로 273
한강시민공원(여의도안내센터),126.913196441,37.533016374,서울특별시 영등포구 국회대로 741
뚝섬유수지체육공원,127.042123265,37.549756902,서울특별시 성동구 왕십리로13길 15-2
현충원,126.967316734,37.49536644,서울특별시 동작구 현충로 210
장승배기역 교통섬,126.939140585,37.504707022,서울특별시 동작구 장승배기로 80-2
동작구-백로공원-1,126.935650809,37.506925489,서울특별시 동작구 장승배기로19라길 51
여의도공원,126.918395669,37.52374016,서울특별시 영등포구 여의공원로 68
노량진근린공원,126.9296944,37.51091667,서울특별시 동작구 여의대방로44길 39
학동근린공원,127.0258056,37.51644444,서울특별시 강남구 논현로145길 41
서울숲공원,127.0421667,37.54544444,서울특별시 성동구 서울숲2길 32-14
신사무궁화공원,127.0320833,37.524,서울특별시 강남구 언주로157길 8
서울숲공원,127.04160552,37.543256144,서울특별시 성동구 뚝섬로 273
북한산도시자연공원,126.935122634,37.622243623,서울특별시 은평구 불광로18길 32
학동근린공원,127.0259167,37.51591667,서울특별시 강남구 학동로21길 52
연서어린이공원,126.916770469,37.604141113,서울특별시 은평구 연서로6길 8-1
논현은행나무공원,127.022523771,37.512500682,서울특별시 강남구 학동로3길 10
서래어린이공원,127.0003056,37.4985,서울특별시 서초구 서래로8길 30
한강시민공원망원지구,126.906309177,37.54694383,서울특별시 마포구 마포나루길 552
북한산도시자연공원,127.0108333,37.62472222,서울특별시 강북구 인수봉로17길 26
신흥공원,126.91175,37.59611111,서울특별시 은평구 증산로21길 29
시루뫼 어린이공원,126.9065278,37.58291667,서울특별시 은평구 증산로5길 13
모랫말근린공원,127.032662263,37.60495213,서울특별시 성북구 종암로34길 16
오동근린공원,127.0316667,37.62805556,서울특별시 강북구 오패산로52사길 24
성북구-청량근린공원,127.050385786,37.604239473,서울특별시 성북구 화랑로18가길 51
우물골근린공원(뉴타운),126.9255833,37.63436111,서울특별시 은평구 진관2로 77
오동근린공원,127.032450428,37.62747806,서울특별시 강북구 오현로21길 142
고추말어린이공원,126.9069444,37.51138889,서울특별시 영등포구 영신로9바길 7-8
세일어린이공원,127.0252778,37.63361111,서울특별시 강북구 덕릉로30길 30
아름드리어린이공원,127.0595,37.57916667,서울특별시 동대문구 사가정로15길 31
선봉어린이공원,126.939529879,37.485167468,서울특별시 관악구 봉천로27길 20
동방어린이공원,127.0434722,37.61661111,서울특별시 성북구 장위로15길 61
분토골어린이공원,127.017496802,37.488350894,서울특별시 서초구 사임당로12길 17
송정제방공원,127.0604167,37.54886111,서울특별시 성동구 송정길 8
새싹마을마당,127.058463241,37.587941698,서울특별시 동대문구 망우로12나길 30
월드컵공원,126.88754886,37.566256217,서울특별시 마포구 하늘공원로 95
답십리공원,127.0615833,37.57191667,서울특별시 동대문구 답십리동 41-1
사당 만남의 공원,126.980171384,37.476909789,서울특별시 동작구 남부순환로271길 8
번남어린이공원,127.024939533,37.635737275,서울특별시 강북구 오패산로77길 41
북서울꿈의숲,127.041082629,37.621103421,서울특별시 강북구 월계로 173
월드컵공원,126.88725,37.56880556,서울특별시 마포구 하늘공원로 95
송학어린이공원,126.949409413,37.480256451,서울특별시 관악구 남부순환로216길 35-5
상명달어린이공원,127.0056111,37.48213889,서울특별시 서초구 명달로8길 11
답십리근린공원,127.062070878,37.57245872,서울특별시 동대문구 답십리동 2-299
신길9구역(소공원),126.911968401,37.502733866,서울특별시 영등포구 신길로28길 16
까치근린공원,126.969289136,37.476412984,서울특별시 관악구 남부순환로251길 20-1
당산공원,126.8958333,37.52527778,서울특별시 영등포구 당산로27길 5
까치산 근린공원,126.9694167,37.47633333,서울특별시 관악구 남부순환로251길 18
월드컵공원,126.887,37.57244444,서울특별시 마포구 상암동 1538
오동근린공원,127.029240389,37.633326252,서울특별시 강북구 덕릉로40다길 33-68
모래내공원,126.9554444,37.47811111,서울특별시 관악구 남부순환로230길 45
돌뫼어린이공원,127.052967581,37.604879816,서울특별시 성북구 화랑로18길 96
북서울꿈의숲,127.0413889,37.62194444,서울특별시 강북구 월계로 173
색동 어린이공원,126.9280833,37.48905556,서울특별시 관악구 신림로 391
월드컵공원,126.8864444,37.56908333,서울특별시 마포구 하늘공원로 95
답십리공원,127.0625833,37.57422222,서울특별시 동대문구 답십리동 산 2-1
보라매공원,126.920527966,37.493857259,서울특별시 동작구 여의대방로20길 33
이슬어린이공원,127.0635,37.56791667,서울특별시 동대문구 한천로 72-31
영등포1동어린이공원,126.9038889,37.51027778,서울특별시 영등포구 도영로22길 38
상산어린이공원,127.0238889,37.63833333,서울특별시 강북구 노해로8길 23
오동근린공원,127.0358333,37.62888889,서울특별시 강북구 오현로25마길 8
북서울꿈의숲,127.04380994,37.620307296,서울특별시 강북구 월계로 173
오동근린공원,127.035573351,37.629175898,서울특별시 강북구 번동 산 23-12
청담근린공원,127.053145924,37.521958558,서울특별시 강남구 학동로95길 51
오동근린공원(학구회입구),127.036137497,37.628666607,서울특별시 강북구 오현로25라길 6
생활체육공원,126.8966944,37.55863889,서울특별시 마포구 방울내로11길 198
밤골어린이공원,127.0397778,37.60752778,서울특별시 성북구 화랑로13가길 17-8
월드컵공원,126.8963889,37.56230556,서울특별시 마포구 월드컵로 243-48
삼일근린공원,126.9747222,37.48572222,서울특별시 동작구 사당로23길 57-7
한강시민공원망원지구,126.8968889,37.55363889,서울특별시 마포구 마포나루길 442
까치산 근린공원,126.9645278,37.48602778,서울특별시 동작구 사당로4길 52
수유일공원,127.017423876,37.630455071,서울특별시 강북구 삼양로77길 2
삼일근린공원,126.9751667,37.48519444,서울특별시 동작구 사당로23길 57-7
장령당 공원,127.053494444,37.569792402,서울특별시 동대문구 사가정로2길 59
진관사,126.9466389,37.63805556,서울특별시 은평구 진관길 73
영등포공원,126.9116667,37.51611111,서울특별시 영등포구 신길로 275
논현소나무공원,127.0375833,37.51591667,서울특별시 강남구 학동로 318
너른골어린이공원,126.99488229,37.487474441,서울특별시 서초구 서초대로 114-8
송정제방공원,127.053017842,37.551006457,서울특별시 성동구 송정동 75-24
월드컵공원,126.8952778,37.56252778,서울특별시 마포구 월드컵로 243-48
오동근린공원,127.0409444,37.60844444,서울특별시 성북구 화랑로13가길 110
청담은행나무공원,127.0441944,37.52508333,서울특별시 강남구 도산대로67길 15
빙수골 마을공원,126.9321111,37.49661111,서울특별시 동작구 국사봉1길 114
상월곡동녹지쉼터,127.042933093,37.605739343,서울특별시 성북구 장월로1마길 27-4
용답꽃공원,127.0545833,37.56055556,서울특별시 성동구 용답길 133
휴암어린이공원,126.89574421,37.577107801,서울특별시 마포구 월드컵북로48길 28-11
향림도시농업체험원,126.9263889,37.62794444,서울특별시 은평구 연서로43길 16-15
성수근린공원,127.052386779,37.544838818,서울특별시 성동구 연무장5길 9-16
한강시민공원(양화지구),126.898091386,37.54085644,서울특별시 영등포구 당산동 53-2
명달근린공원,127.021306516,37.498903283,서울특별시 서초구 서운로21길 2
한강시민공원망원지구,126.894932189,37.555692227,서울특별시 마포구 마포나루길 429
국회단지 어린이공원,126.9431111,37.49030556,서울특별시 관악구 국회단지22길 16
오동근린공원,127.04075,37.60986111,서울특별시 성북구 하월곡동 산 2-41
봉산도시자연공원,126.897672987,37.58721268,서울특별시 은평구 은평터널로 43-45
한강시민공원망원지구,126.894784673,37.555033489,서울특별시 마포구 마포나루길 429
월드컵공원,126.894084909,37.562803997,서울특별시 마포구 월드컵로 243-48
월드컵공원,126.894003634,37.564800056,서울특별시 마포구 월드컵로 243-48
문화비축기지,126.894140883,37.5695238,서울특별시 마포구 성산동 661
양평어린이공원,126.898174089,37.538312808,서울특별시 영등포구 양평로18길 21
문화비축기지,126.894222681,37.572007419,서울특별시 마포구 증산로 87
꿈동산마을마당,127.0380556,37.61444444,서울특별시 강북구 월계로21길 18
한강시민공원(양화지구),126.896970182,37.541630385,서울특별시 영등포구 당산동 33-1
영등포공원,126.9108333,37.51444444,서울특별시 영등포구 신길로 275
새샘근린공원,127.055460177,37.56961955,서울특별시 동대문구 전농로3길 23
오동근린공원,127.04120797,37.610386957,서울특별시 성북구 화랑로13가길 110-8
영등포공원,126.909882096,37.515531685,서울특별시 영등포구 신길로61길 28
상도3동 마을공원,126.9355,37.49322222,서울특별시 동작구 국사봉길 175
한강시민공원(양화지구),126.8963889,37.5425,서울특별시 영등포구 노들로 147
무지개어린이공원,127.0529167,37.54194444,서울특별시 성동구 성수일로4길 37
한강시민공원망원지구,126.8938056,37.55583333,서울특별시 마포구 마포나루길 407
물푸레근린공원(뉴타운),126.928333778,37.631262592,서울특별시 은평구 진관1로 85
푸른어린이공원,127.0086111,37.63833333,서울특별시 강북구 삼각산로4길 42
오패어린이공원,127.032,37.62222222,서울특별시 강북구 오패산로 229
문화비축기지,126.8934167,37.57127778,서울특별시 마포구 증산로 87
전곡마을마당,127.054584318,37.580734378,서울특별시 동대문구 전농로25길 17-6
한강시민공원망원지구,126.89338601,37.557182779,서울특별시 마포구 마포나루길 386
문화비축기지,126.8933611,37.57122222,서울특별시 마포구 증산로 87
오동근린공원(구봉놀이터),127.033734227,37.620614929,서울특별시 강북구 오현로 45
제9호근린공원(뉴타운),126.9288333,37.63180556,서울특별시 은평구 진관1로 77-11
전농동마을마당,127.0542778,37.58283333,서울특별시 동대문구 전농로 208
제9호근린공원(뉴타운),126.9296389,37.63258333,서울특별시 은평구 진관1로 77-23
월곡2동고가옆녹지쉼터,127.045691897,37.605257637,서울특별시 성북구 화랑로15길 12
메낙골근린공원,126.915251352,37.507558885,서울특별시 영등포구 신길로42길 35
한강시민공원망원지구,126.892778185,37.557790315,서울특별시 마포구 상암동 1537-3
서갈현어린공원,126.9156944,37.62152778,서울특별시 은평구 갈현로35길 12-8
한강시민공원망원지구,126.8925556,37.5585,서울특별시 마포구 상암동 1537-3
옹달샘 어린이공원,126.9296111,37.49522222,서울특별시 동작구 국사봉2라길 24-14
문화비축기지,126.892466453,37.571430548,서울특별시 마포구 증산로 87
까치산 근린공원,126.9667222,37.48188889,서울특별시 동작구 솔밭로 60
문화비축기지,126.892387175,37.57212868,서울특별시 마포구 증산로 87
월드컵공원,126.8919722,37.562,서울특별시 마포구 월드컵로 243-48
동산어린이공원,127.0574722,37.56694444,서울특별시 동대문구 전농로2나길 7
색동어린이공원,127.020671053,37.633065289,서울특별시 강북구 삼양로80나길 52
박석어린이공원,126.9185556,37.62513889,서울특별시 은평구 통일로89길 18-14
제9호근린공원(뉴타운),126.93,37.63405556,서울특별시 은평구 진관2로 90
구산동마을공원,126.9086111,37.61433333,서울특별시 은평구 서오릉로17길 7
월드컵공원,126.891795528,37.567945656,서울특별시 마포구 상암동 1538
북서울꿈의숲,127.038368953,37.617852515,서울특별시 강북구 미아동 산 35-65
갈곡리어린이공원,126.916454104,37.623968967,서울특별시 은평구 갈현로41길 3
오동근린공원,127.044582069,37.609829928,서울특별시 성북구 상월곡동 산 1-1
북서울꿈의숲,127.038012786,37.618644301,서울특별시 강북구 미아동 산 35-64
새싹 어린이공원,126.9495556,37.48444444,서울특별시 관악구 양녕로6다길 11-4
까치어린이공원,126.97975,37.48055556,서울특별시 동작구 동작대로9길 35
제각말문화공원,126.938189928,37.639663055,서울특별시 은평구 연서로48길 41
향기어린이공원,127.0453611,37.60938889,서울특별시 성북구 장월로3길 47
중앙어린이공원,126.9483889,37.48436111,서울특별시 관악구 봉천로41길 35
서초구-하명달어린이공원,127.00545284,37.485896624,서울특별시 서초구 명달로20길 25
궁말어린이공원,126.909,37.61675,서울특별시 은평구 서오릉로20길 13
청두어린이공원,126.9849722,37.48052778,서울특별시 서초구 방배천로8길 42
양지 어린이공원,126.974012146,37.479877299,서울특별시 동작구 남부순환로269길 102
벽오산어린이공원,127.030242252,37.62765857,서울특별시 강북구 오패산로52아길 34
한강시민공원(양화지구),126.8927778,37.54388889,서울특별시 영등포구 양화동 25-1
한강시민공원(양화지구),126.89211415,37.545454237,서울특별시 영등포구 양화동 1-4
신길9구역(근린공원),126.914716517,37.504327137,서울특별시 영등포구 가마산로 530
참새어린이공원,126.9215556,37.49813889,서울특별시 동작구 여의대방로24길 29
운산어린이공원,127.025411969,37.632069321,서울특별시 강북구 도봉로72길 20
월드컵공원,126.8900833,37.56997222,서울특별시 마포구 상암동 1538
용허리근린공원,127.0228333,37.49419444,서울특별시 서초구 서초대로70길 32
쉼터어린이공원,127.0596111,37.56483333,서울특별시 동대문구 황물로17길 24
햇살어린이공원,127.0487222,37.606,서울특별시 성북구 화랑로18길 11
한강시민공원(양화지구),126.891624894,37.545760429,서울특별시 영등포구 양화동 1-4
우물골근린공원(뉴타운),126.9253056,37.63358333,서울특별시 은평구 진관2로 60
한강시민공원 난지지구,126.8893333,37.56022222,서울특별시 마포구 상암동 1536-1
도구머리근린공원,126.9884872,37.479780861,서울특별시 서초구 방배동 산 75-6
까치 어린이공원,126.9597222,37.47991667,서울특별시 관악구 행운4길 5
북서울꿈의숲,127.0377778,37.622,서울특별시 강북구 월계로 173
구룡근린공원,126.8844722,37.58311111,서울특별시 마포구 월드컵북로62길 11
관악산 낙성대야외놀이마당,126.9596944,37.47316667,서울특별시 관악구 낙성대로3길 37
장군봉 근린공원,126.9366667,37.48,서울특별시 관악구 장군봉길 92-40
군아파트 어린이공원,126.979004612,37.471881817,서울특별시 관악구 승방1길 76
월드컵공원,126.8829167,37.57483333,서울특별시 마포구 상암동 1538
푸른수목원,126.819606729,37.478027675,서울특별시 구로구 항동 산 55-4
안양천체육공원,126.8847222,37.54305556,서울특별시 양천구 안양천로 1138
한강시민공원 난지지구,126.8822222,37.56341667,서울특별시 마포구 상암동 482-222
상암근린공원,126.883418494,37.57932671,서울특별시 마포구 상암산로1길 57
낙성대게이트볼장,126.960138503,37.47262187,서울특별시 관악구 낙성대로3길 37
안양천체육공원,126.8877778,37.53166667,서울특별시 양천구 안양천로 1026
샛별어린이공원,127.067423623,37.5681993,서울특별시 동대문구 답십리로68길 97
보라매공원,126.917717617,37.490841926,서울특별시 동작구 여의대방로20길 33
마산말어린이공원,127.0266667,37.48719444,서울특별시 서초구 서운로11길 41
문래공원,126.8941667,37.51777778,서울특별시 영등포구 당산로 37
오현어린이공원,127.0461111,37.62361111,서울특별시 강북구 한천로105길 23
벌말어린이공원,127.0405556,37.62972222,서울특별시 강북구 오현로 204
신길공원,126.906204135,37.501294412,서울특별시 영등포구 도림로 264-14
문래공원,126.8936111,37.51861111,서울특별시 영등포구 문래로 104
목마근린공원,126.885244923,37.537957775,서울특별시 양천구 목동동로 441
간대어린이공원,127.050803033,37.618175412,서울특별시 성북구 장월로37길 13
미나리어린이공원,127.068096679,37.563663467,서울특별시 동대문구 천호대로87길 43
노유산공원,127.0683333,37.53916667,서울특별시 광진구 아차산로32길 17
서원어린이공원,126.9330556,37.47661111,서울특별시 관악구 서원길 27-7
신우공원,126.899139664,37.503309269,서울특별시 영등포구 대림로44길 24
한강시민공원(양화지구),126.878152364,37.553770806,서울특별시 강서구 염창동 221-2
목동근린공원,126.8791667,37.54666667,서울특별시 양천구 목동 517
한강시민공원(뚝섬지구),127.0655556,37.52972222,서울특별시 광진구 강변북로 68
중랑천변공원(장안),127.071912646,37.560923739,서울특별시 동대문구 장안동 204-13
휘경어린이공원,127.067668229,37.593462718,서울특별시 동대문구 휘경로 60
장안공원,127.071415906,37.57796195,서울특별시 동대문구 사가정로 238-4
늘봄어린이공원,127.072163347,37.571532411,서울특별시 동대문구 장한로26길 6
해태 어린이공원,126.9405556,37.47252778,서울특별시 관악구 서림3길 47
한아름공원,127.070484445,37.544426063,서울특별시 광진구 군자로3길 15
장안공원,127.07175,37.57702778,서울특별시 동대문구 장한로 181
한강시민공원(뚝섬지구),127.0666667,37.53027778,서울특별시 광진구 강변북로 68
월드컵공원,126.8766389,37.57202778,서울특별시 마포구 하늘공원로 108-2
미리내어린이공원,127.071668325,37.580851686,서울특별시 동대문구 사가정로25가길 20
용왕산근린공원,126.8783333,37.54388889,서울특별시 양천구 용왕정길 43
차없는거리,126.8869444,37.51944444,서울특별시 영등포구 문래로 56
금암문화공원,126.9176111,37.64447222,서울특별시 은평구 진관3로 15-45
군자어린이공원,127.0730556,37.55416667,서울특별시 광진구 동일로52길 34
남태령어린이공원,126.988675539,37.466247735,서울특별시 서초구 전원말안1길 3-3
월드컵공원,126.8763056,37.57525,서울특별시 마포구 하늘공원로 108-2
장안평근린공원,127.0736667,37.56725,서울특별시 동대문구 장한로18길 82-9
중랑천변공원(장안),127.0695,37.59333333,서울특별시 동대문구 휘경동 1-2
달래어린이공원,127.03525,37.64277778,서울특별시 도봉구 도봉로110라길 70-14
봉림교아래도림천,126.927397313,37.483128556,서울특별시 관악구 관천로 36-1
대림생태공원,126.8955556,37.50416667,서울특별시 영등포구 도신로 27
한강시민공원(뚝섬지구),127.067934443,37.529738205,서울특별시 광진구 자양동 112
비석골근린공원,127.0486111,37.63083333,서울특별시 노원구 월계로45가길 57
노원구-햇살어린이공원-1,127.051685529,37.627282085,서울특별시 노원구 월계로45길 28
한강시민공원 난지지구,126.875206622,37.568266884,서울특별시 마포구 상암동 495-71
도림천,126.890383386,37.510885337,서울특별시 영등포구 도림천로 144
마로니에어린이공원,127.073915222,37.575106963,서울특별시 동대문구 장한로32길 27
자양어린이공원,127.069855066,37.533535994,서울특별시 광진구 능동로4길 41
중랑천변꽃길,127.074647735,37.566778883,서울특별시 동대문구 장안벚꽃로 77
샛별공원,127.0291667,37.64805556,서울특별시 도봉구 노해로44길 42-10
신도림테크노근린공원,126.8916667,37.50833333,서울특별시 구로구 구로동 3-46
한강시민공원(뚝섬지구),127.068856613,37.530271122,서울특별시 광진구 자양동 112
원지공원,126.899584811,37.49787637,서울특별시 영등포구 도림로47길 28
광진광장,127.073640088,37.547876162,서울특별시 광진구 능동로 195-12
한강시민공원(뚝섬지구),127.069082874,37.529796482,서울특별시 광진구 자양동 435
신도림테크노근린공원,126.8913889,37.508,서울특별시 구로구 새말로 117-23
중랑천변공원(장안),127.075152312,37.566659017,서울특별시 동대문구 장안동 24-1
한강시민공원(뚝섬지구),127.06245779,37.531953402,서울특별시 광진구 강변북로 68
문래공원,126.89409218,37.516794752,서울특별시 영등포구 문래동3가 61
방배배수지체육공원,126.9927778,37.47241667,서울특별시 서초구 남부순환로296길 4-9
관악산낙성대광장공원,126.9594444,37.47186111,서울특별시 관악구 낙성대로 77
한강시민공원(뚝섬지구),127.0630556,37.53138889,서울특별시 광진구 강변북로 68
성북구-돌곳이 쉼터,127.057920649,37.608861748,서울특별시 성북구 돌곶이로21가길 24
우이천,127.040525109,37.632057037,서울특별시 도봉구 우이천로 120
쑥고개 어린이공원,126.9405278,37.47583333,서울특별시 관악구 쑥고개로2라길 19
햇님어린이공원,127.066973739,37.542723204,서울특별시 광진구 아차산로25길 27
장위3동마을공원,127.0531944,37.61722222,서울특별시 성북구 한천로95길 83
한강시민공원 난지지구,126.879775,37.56427778,서울특별시 마포구 마포나루길 216
월드컵공원,126.87975,37.56744444,서울특별시 마포구 하늘공원로 108-2
한강시민공원 난지지구,126.8794444,37.56483333,서울특별시 마포구 마포나루길 216
솔밭공원,127.011767079,37.651910652,서울특별시 강북구 삼양로139가길 63
도림천,126.936849438,37.476651534,서울특별시 관악구 신림로 211
한강시민공원(뚝섬지구),127.06417146,37.531159786,서울특별시 광진구 자양동 105
신화 어린이공원,126.9357778,37.47708333,서울특별시 관악구 신림로 229-1
보라매공원,126.9134444,37.49077778,서울특별시 동작구 신대방동 722
송정제방공원,127.070008119,37.556403303,서울특별시 성동구 동일로55길 15
한강시민공원 난지지구,126.879,37.5645,서울특별시 마포구 마포나루길 216
서울시인재개발원,127.0192778,37.47938889,서울특별시 서초구 남부순환로340길 58
양남어린이공원,126.8880556,37.52333333,서울특별시 영등포구 영등포로11길 7-2
월드컵공원,126.8788611,37.56883333,서울특별시 마포구 하늘공원로 108-1
서오능도시자연공원,126.9133056,37.63794444,서울특별시 은평구 진관동 산 63-4
남부 어린이공원,126.9203889,37.48494444,서울특별시 관악구 남부순환로163가길 25
솔밭공원,127.0111111,37.65305556,서울특별시 강북구 삼양로149가길 5-13
장미어린이공원,127.0363056,37.63816667,서울특별시 도봉구 덕릉로53길 19-3
월드컵공원,126.8788333,37.57436111,서울특별시 마포구 하늘공원로 108-2
휴암문화공원,126.8800833,37.58283333,서울특별시 마포구 가양대로 143
배봉공원,127.067859555,37.589269906,서울특별시 동대문구 휘경동 산 6-35
차없는거리,126.8988889,37.50444444,서울특별시 영등포구 도신로12길 12-1
한내어린이공원,127.0711389,37.56783333,서울특별시 동대문구 장한로18길 31
호박골 어린이공원,126.9239167,37.48194444,서울특별시 관악구 남부순환로166길 25-11
성북구-석관동생활권공원,127.061074051,37.607538359,서울특별시 성북구 돌곶이로10길 7
약초원공원,127.066354841,37.532801013,서울특별시 광진구 능동로1길 15
우이천,127.0292222,37.64422222,서울특별시 도봉구 우이천로 298
솔밭공원,127.0119444,37.65361111,서울특별시 강북구 삼양로149길 10
솔밭공원,127.0119444,37.65361111,서울특별시 강북구 삼양로149길 10
솔밭공원,127.0119444,37.65361111,서울특별시 강북구 삼양로149길 10
월드컵공원,126.885980418,37.573172634,서울특별시 마포구 상암동 1538
오동근린공원,127.0358333,37.62916667,서울특별시 강북구 번동 산 23-15
동대문구 체육관 ,127.063625073,37.572471236,서울특별시 동대문구 답십리로 210-3
안양천고수부지,126.8886111,37.54,서울특별시 영등포구 양평로 174
신중어린이공원,127.0106667,37.48219444,서울특별시 서초구 반포대로7길 25
북서울꿈의숲,127.0422222,37.62305556,서울특별시 강북구 월계로 173
예촌 어린이공원,126.976715728,37.474546491,서울특별시 관악구 남현길 41
안골어린이공원,127.0643889,37.56547222,서울특별시 동대문구 천호대로77다길 20
일선어린이공원,126.9494167,37.47797222,서울특별시 관악구 관악로11가길 5
보라매공원,126.9170833,37.49513889,서울특별시 동작구 여의대방로16길 1
새들 어린이공원,126.92575,37.48872222,서울특별시 관악구 관천로22길 61
한강시민공원(뚝섬지구),127.058975697,37.532729135,서울특별시 광진구 강변북로 6
보라매공원,126.9222778,37.491,서울특별시 동작구 여의대방로20길 33
성북구-상길례문화공원,127.045399993,37.619832207,서울특별시 성북구 돌곶이로 220
배봉공원,127.0635833,37.57852778,서울특별시 동대문구 사가정로 168
원당 어린이공원,126.9639167,37.47475,서울특별시 관악구 남부순환로246길 43
월드컵공원,126.884560414,37.566833309,서울특별시 마포구 하늘공원로 95
오동근린공원(오솔놀이터),127.038256758,37.628206223,서울특별시 강북구 오현로25길 6-10
봉림 어린이공원,126.9359444,37.48263889,서울특별시 관악구 남부순환로200다길 17
오동근린공원,127.0333333,37.63277778,서울특별시 강북구 오현로31길 141
안양천고수부지,126.886517599,37.544607321,서울특별시 영등포구 양화동 10-2
비안어린이공원,126.9403611,37.48061111,서울특별시 관악구 장군봉7길 15-4
밤골 어린이공원,126.9672778,37.47408333,서울특별시 관악구 인헌길 33-3
백설 어린이공원,126.9538889,37.47616667,서울특별시 관악구 남부순환로228길 85
안양천고수부지,126.8863889,37.54444444,서울특별시 영등포구 양화동 4-1
역삼개나리공원,127.036048463,37.497628089,서울특별시 강남구 논현로79길 28
신길12구역(소공원),126.906928109,37.504166607,서울특별시 영등포구 신길로29길 17
휘경마당소공원,127.061135399,37.590995961,서울특별시 동대문구 망우로21나길 14
관악구민운동장,126.9566389,37.47544444,서울특별시 관악구 낙성대로 40
탑골 어린이공원,126.9612222,37.47461111,서울특별시 관악구 낙성대역4길 11-13
북서울꿈의숲,127.0455556,37.62055556,서울특별시 성북구 돌곶이로 220
선정릉공원,127.046,37.50827778,서울특별시 강남구 선릉로100길 1
배봉공원,127.0638611,37.58047222,서울특별시 동대문구 한천로43길 12-14
강북구민운동장,127.037981738,37.629153806,서울특별시 강북구 오현로 187-25
화랑어린이공원,127.054604972,37.607202459,서울특별시 성북구 화랑로 210-26
배봉산근린공원,127.063874909,37.581089047,서울특별시 동대문구 전농동 산 32-20
보라매공원,126.918115555,37.493133331,서울특별시 동작구 여의대방로16길 61
보라매공원,126.9206667,37.49091667,서울특별시 동작구 보라매로5길 58
역삼무궁화공원,127.0324722,37.49383333,서울특별시 강남구 역삼로 117
보라매공원,126.918900177,37.492242597,서울특별시 동작구 신대방동 722
신길14구역,126.906041131,37.504376222,서울특별시 영등포구 가마산로 426
도리미소공원,126.9019444,37.50916667,서울특별시 영등포구 도림로112길 18
관악구민운동장,126.9574722,37.47458333,서울특별시 관악구 낙성대로 40-1
관악산 낙성대야외놀이마당,126.9596111,37.47402778,서울특별시 관악구 낙성대로3길 26
논골어린이공원,127.02804666,37.63839151,서울특별시 강북구 덕릉로41길 92
교체 어린이공원,126.9640556,37.47327778,서울특별시 관악구 낙성대역14가길 10
삼성목련공원,127.054121769,37.518667788,서울특별시 강남구 삼성로120길 48
상록 어린이공원,126.9804722,37.47277778,서울특별시 관악구 승방3나길 11
청룡 어린이공원,126.9447222,37.47763889,서울특별시 관악구 청룡12길 17-9
한강시민공원 난지지구,126.8831111,37.56377778,서울특별시 마포구 상암동 482-225
선정릉공원,127.047,37.50791667,서울특별시 강남구 선릉로100길 1
안양천체육공원,126.8883333,37.53361111,서울특별시 양천구 안양천로 1026
안양천체육공원,126.8863889,37.53972222,서울특별시 영등포구 양평동 28-1
장군봉 근린공원,126.9369444,37.48055556,서울특별시 관악구 봉천동 산 151-15
오얏골어린이공원,127.034486966,37.633919419,서울특별시 강북구 한천로115길 20
차없는거리,126.893991169,37.520190073,서울특별시 영등포구 문래로 95
월드컵공원,126.8829167,37.56919444,서울특별시 마포구 하늘공원로 95
보라매공원,126.9177778,37.49197222,서울특별시 동작구 여의대방로20길 33
안양천고수부지,126.889200815,37.530339378,서울특별시 양천구 목동 411-27
월드컵공원,126.8833333,37.5745,서울특별시 마포구 상암동 1538
장군봉배수지근린공원,126.9369167,37.48005556,서울특별시 관악구 장군봉길 92-40
당골어린이공원,127.022690418,37.485435809,서울특별시 서초구 효령로68길 49-3
어린이대공원,127.0805556,37.54777778,서울특별시 광진구 능동로 216
오목근린공원,126.873818929,37.527735045,서울특별시 양천구 목동서로 159-2
반딧불이유아숲체험장,127.040065399,37.649178409,서울특별시 도봉구 창동 677
독골근린공원,127.046869032,37.484812181,서울특별시 강남구 남부순환로378길 29
도곡까치어린이공원,127.0450556,37.48316667,서울특별시 강남구 논현로26길 34
도곡까치어린이공원,127.0450556,37.48316667,서울특별시 강남구 논현로26길 34
초안산근린공원,127.040107644,37.649221387,서울특별시 도봉구 창동 산 48-16
안양천둔치공원,126.8797222,37.51416667,서울특별시 구로구 신도림동 271-64
무궁화 어린이공원,126.9236111,37.46973611,서울특별시 관악구 난곡로26길 71
한강시민공원(뚝섬지구),127.076011092,37.528503326,서울특별시 광진구 자양동 410-1
초안산근린공원,127.040454244,37.64908303,서울특별시 도봉구 해등로3길 48-11
관악산 하늘공원,126.9262222,37.46827778,서울특별시 관악구 난곡로26길 135
안양천체육공원,126.877795032,37.517755589,서울특별시 양천구 안양천로 812
대치동 가로쉼터,127.056134551,37.494079546,서울특별시 강남구 선릉로 206
초안산세대공감공원,127.04675,37.64394444,서울특별시 도봉구 덕릉로 334-19
염창산공원,126.86713283,37.557898996,서울특별시 강서구 양천로63길 38
초안산근린공원,127.041801484,37.648443815,서울특별시 도봉구 해등로 49
안양천체육공원,126.8777778,37.51694444,서울특별시 양천구 신정동 871-4
초안산근린공원,127.041373655,37.648888314,서울특별시 도봉구 해등로 71
대치까치공원,127.0590833,37.49694444,서울특별시 강남구 도곡로78길 22
난곡어린이공원,126.9152778,37.47408333,서울특별시 관악구 미성5길 20-4
봉화어린이공원(중화),127.07737503,37.598128537,서울특별시 중랑구 동일로123길 49
어린이대공원,127.082,37.54927778,서울특별시 광진구 능동로 216
한강시민공원(뚝섬지구),127.076603089,37.527387769,서울특별시 광진구 자양동 410-1
안양천체육공원,126.878,37.51527778,서울특별시 구로구 신도림동 271-64
어린이대공원,127.082311833,37.55089514,서울특별시 광진구 능동 18
구로근린공원,126.8897222,37.49638889,서울특별시 구로구 가마산로25길 9-13
관악산호수구역공원,126.9471111,37.459,서울특별시 관악구 관악산나들길 114
어린이대공원,127.0825278,37.55036111,서울특별시 광진구 능동로 216
자양초등학교 자연학습장,127.079845894,37.536408398,서울특별시 광진구 아차산로44길 17
한마음어린이공원,127.0833333,37.55916667,서울특별시 광진구 긴고랑로22길 46
어린이대공원,127.082123559,37.547103769,서울특별시 광진구 능동로 216
능동소공원,127.082897162,37.552515137,서울특별시 광진구 능동로 216
연촌어린이공원,127.0626389,37.62833333,서울특별시 노원구 마들로3길 19
중랑구-샘터어린이공원,127.08329486,37.573091678,서울특별시 중랑구 답십리로77길 28-31
열매어린이공원,127.0808611,37.58880556,서울특별시 중랑구 봉우재로20길 58
매봉어린이공원,127.0590556,37.63319444,서울특별시 노원구 월계로55길 49
문성어린이공원,126.9029722,37.482,서울특별시 관악구 시흥대로164길 27
어린이대공원,127.0827778,37.5495,서울특별시 광진구 능동로 216
사랑어린이공원,127.0818333,37.58555556,서울특별시 중랑구 겸재로22길 31-5
각심어린이공원,127.05137282,37.629424057,서울특별시 노원구 초안산로1길 18
월드컵공원,126.8740833,37.572,서울특별시 마포구 하늘공원로 108-2
다람쥐어린이공원,127.0348889,37.64519444,서울특별시 도봉구 도봉로106길 33-12
중랑천변공원(장안),127.073665253,37.584189395,서울특별시 중랑구 면목동 1049-12
중랑천변공원,127.073,37.58727778,서울특별시 중랑구 면목동 1031-451
월드컵공원,126.874169165,37.573840695,서울특별시 마포구 하늘공원로 108-2
월드컵공원,126.8741389,37.57386111,서울특별시 마포구 하늘공원로 108-2
중랑천변공원,127.078153057,37.580708289,서울특별시 중랑구 면목동 727-24
보명 어린이공원,126.92575,37.47561111,서울특별시 관악구 법원단지10길 107
각심어린이공원,127.052087391,37.629325371,서울특별시 노원구 초안산로1길 18
중화2동체육공원,127.070836617,37.596013822,서울특별시 중랑구 중랑천로29길 47
면우배드민턴장,127.07325,37.58786111,서울특별시 중랑구 중랑천로 31
청명어린이공원,126.9079722,37.48777778,서울특별시 동작구 신대방1가길 38
목화 어린이공원,126.9421111,37.46788889,서울특별시 관악구 신림로3가길 45-24
중랑천둔치체육공원,127.076407155,37.566023568,서울특별시 광진구 중곡동 458-22
파리근린공원,126.8772222,37.53472222,서울특별시 양천구 목동동로 363
중랑천둔치체육공원,127.076591155,37.566524477,서울특별시 광진구 중곡동 485-7
둥근달어린이공원,127.030284979,37.649676166,서울특별시 도봉구 도봉로117길 88
대림어린이공원,126.902973119,37.491473644,서울특별시 영등포구 대림로 106
중랑천둔치체육공원,127.076783242,37.566597274,서울특별시 광진구 동일로 399-1
중랑천제방,127.074382765,37.586476899,서울특별시 중랑구 중랑천로 14
중랑천변공원,127.0746667,37.58536111,서울특별시 중랑구 면목동 1031-25
안양천체육공원,126.879403403,37.527138086,서울특별시 양천구 안양천로 914
맨발공원,126.944491112,37.466464034,서울특별시 관악구 신림로3길 40
중곡1동마을마당,127.076952554,37.562688273,서울특별시 광진구 긴고랑로4길 30
한강시민공원 난지지구,126.8726111,37.57030556,서울특별시 마포구 한강난지로 28
월드컵공원,126.8730556,37.576,서울특별시 마포구 하늘공원로 108-2
새숲 어린이공원,126.9130278,37.48247222,서울특별시 관악구 조원로16가길 42
한강시민공원(뚝섬지구),127.0711111,37.52944444,서울특별시 광진구 자양동 427-12
서부녹지-서울식물원-2,126.831728314,37.570539003,서울특별시 강서구 마곡동 812
샛별어린이공원,127.064186023,37.614165051,서울특별시 성북구 화랑로42길 35
한강시민공원 난지지구,126.872254087,37.569941237,서울특별시 마포구 한강난지로 28
중랑천제방(장안),127.0770556,37.57158333,서울특별시 동대문구 장안동 481-3
한강시민공원 난지지구,126.872226044,37.569909541,서울특별시 마포구 한강난지로 28
한강시민공원 난지지구,126.872211965,37.569900453,서울특별시 마포구 한강난지로 28
한강시민공원(뚝섬지구),127.071205654,37.529184527,서울특별시 광진구 자양동 427-12
월드컵공원,126.8724722,37.57426389,서울특별시 마포구 하늘공원로 108-2
우이동만남의광장,127.007479915,37.661654279,서울특별시 강북구 삼양로173길 98
태양 어린이공원,126.9365833,37.46858333,서울특별시 관악구 호암로22길 69
상리어린이공원,127.0740556,37.59180556,서울특별시 중랑구 중랑천로10길 20
중랑천뚝방길공원,127.0777778,37.56777778,서울특별시 광진구 동일로 417
초롱어린이공원,127.0729444,37.59575,서울특별시 중랑구 중랑천로20길 6-14
안양천고수부지,126.8813889,37.52,서울특별시 영등포구 영등포로2길 34
서초구-양재어린이공원-1,127.039085386,37.483403033,서울특별시 서초구 바우뫼로39길 85
월드컵공원,126.8719167,37.57491667,서울특별시 마포구 하늘공원로 108-2
중랑천변공원(장안),127.0775833,37.575,서울특별시 중랑구 면목동 727-24
한강시민공원 난지지구,126.871379271,37.570283599,서울특별시 마포구 상암동 482-302
난우어린이공원,126.9140845,37.480233024,서울특별시 관악구 난곡로61길 1
대림체육공원,126.8938889,37.49944444,서울특별시 영등포구 가마산로31길 16
효자공원,127.024345195,37.473310154,서울특별시 서초구 바우뫼로9길 61
해당화 어린이공원,126.905815341,37.486823458,서울특별시 동작구 신대방1가길 77
안양천둔치공원,126.8811111,37.51972222,서울특별시 영등포구 영등포로2길 34
안양천고수부지,126.8811111,37.51972222,서울특별시 영등포구 영등포로2길 34
소락정마을마당,126.9195556,37.47638889,서울특별시 관악구 난우10가길 14-3
어린이대공원,127.0772222,37.54888889,서울특별시 광진구 능동로 216
한강시민공원(뚝섬지구),127.0722222,37.52861111,서울특별시 광진구 자양동 435
관악산경로구역공원,126.9479722,37.46383333,서울특별시 관악구 신림동 산 32-22
초안어린이공원,127.0516111,37.63388889,서울특별시 노원구 초안산로5길 22
삼각어린이공원,126.8919444,37.50138889,서울특별시 구로구 새말로18길 112
안양천고수부지,126.8816667,37.51777778,서울특별시 영등포구 영등포로2길 62
안양천체육공원,126.8786111,37.52388889,서울특별시 양천구 안양천로 1026
서초구-암산어린이공원-1,127.025781982,37.473356671,서울특별시 서초구 바우뫼로11안길 32
어린이대공원,127.0780833,37.55133333,서울특별시 광진구 능동로 216
남강 어린이공원,126.9235833,37.47330556,서울특별시 관악구 난곡로34나길 49
둘리(쌍문)유아숲체험장,127.0294444,37.65291667,서울특별시 도봉구 쌍문동 산 82
중랑천변공원(장안),127.0718333,37.60236111,서울특별시 동대문구 이문동 353-4
중곡공원,127.0791667,37.56472222,서울특별시 광진구 긴고랑로5길 13
사우촌 어린이공원,126.9343333,37.46755556,서울특별시 관악구 신림로23길 75
안양천체육공원,126.8788889,37.52194444,서울특별시 양천구 신정동 871-2
어울림쉼터,126.871656808,37.545496996,서울특별시 양천구 목동중앙본로32길 7
한신어린이공원,127.0768333,37.58808333,서울특별시 중랑구 겸재로3길 50
거리공원,126.8913889,37.5,서울특별시 구로구 공원로 26
세화어린이공원,127.0738611,37.59916667,서울특별시 중랑구 봉화산로2길 61
중랑천제방,127.079197451,37.576250343,서울특별시 중랑구 면목동 727-91
거리공원,126.889041288,37.502712152,서울특별시 구로구 공원로 68
한강시민공원(뚝섬지구),127.0738889,37.52833333,서울특별시 광진구 자양동 435
샘말공원,126.9383889,37.46505556,서울특별시 관악구 대학길 129
송계어린이공원,127.0782222,37.58469444,서울특별시 중랑구 겸재로10길 33
월드컵공원,126.869602229,37.57556049,서울특별시 마포구 하늘공원로 108-2
관악산계곡캠핑장,126.948740134,37.461660524,서울특별시 관악구 신림동 808-125
대치목련(어린이공원),127.058539075,37.499740084,서울특별시 강남구 삼성로63길 17
석계초등학교앞(중란천변),127.070524283,37.608965006,서울특별시 성북구 한천로58길 273
안양천체육공원,126.8783333,37.52027778,서울특별시 양천구 신정동 139-2
한강시민공원 난지지구,126.869028473,37.572425264,서울특별시 마포구 마포나루길 83
한강시민공원 난지지구,126.869005787,37.572429649,서울특별시 마포구 마포나루길 83
꿈동산어린이공원,127.0367778,37.65013889,서울특별시 도봉구 도봉로110나길 97
노원구-인덕마을어린이공원-1,127.05681051,37.63152197,서울특별시 노원구 초안산로 12
중랑천변공원,127.073574224,37.603121836,서울특별시 중랑구 중화동 381-5
어린이대공원,127.080296995,37.551847936,서울특별시 광진구 능동 18
한강시민공원(뚝섬지구),127.075,37.52888889,서울특별시 광진구 자양동 410-1
초안산배수지공원,127.051,37.6385,서울특별시 노원구 마들로5가길 113
반석어린이공원,127.041514709,37.647149283,서울특별시 도봉구 해등로 49
중랑천변공원,127.0729722,37.60536111,서울특별시 중랑구 중화동 363
중화수경공원,127.07408269,37.602860029,서울특별시 중랑구 중랑천로 206
어린이대공원,127.080508603,37.550451592,서울특별시 광진구 능동로 216
나팔꽃어린이공원,127.0600556,37.62822222,서울특별시 노원구 광운로 122
한강시민공원(뚝섬지구),127.075180108,37.527851364,서울특별시 광진구 자양동 410-1
어린이대공원,127.080396051,37.548314805,서울특별시 광진구 능동로 216
초안산근린공원,127.040224474,37.648658507,서울특별시 도봉구 해등로3길 48-11
늘푸른 근린공원,127.08,37.58277778,서울특별시 중랑구 동일로 589
장독골공원,127.0778056,37.53577778,서울특별시 광진구 아차산로40길 46
중랑천변공원,127.0724167,37.60794444,서울특별시 중랑구 묵동 361-5
중화리어린이공원,127.0803889,37.60405556,서울특별시 중랑구 동일로138길 19-17
월천공원,127.0508056,37.64766667,서울특별시 도봉구 창동 28
월천공원,127.0508056,37.64766667,서울특별시 도봉구 창동 28
금천-독산테니스장-1,126.906588809,37.473730155,서울특별시 금천구 독산로54길 288
모랫어린이공원,127.0517778,37.64713889,서울특별시 도봉구 노해로70길 126
난향공원,126.917174232,37.465774741,서울특별시 관악구 난곡로11길 43
새나라어린이공원,127.072876589,37.622099344,서울특별시 노원구 동일로179길 22
선우공원,126.911263481,37.469303555,서울특별시 관악구 문성로16다길 135
관악제2구민운동장,126.934,37.4575,서울특별시 관악구 약수암길 43-5
면목어린이공원,127.0860556,37.5895,서울특별시 중랑구 면목로73길 14-15
경춘선폐선부지공원,127.0670833,37.63130556,서울특별시 노원구 동일로198가길 149
관악산 선우공원,126.9134444,37.46758333,서울특별시 관악구 문성로16다길 133-69
까치어린이공원,127.0874722,37.58347222,서울특별시 중랑구 사가정로49길 56
용마폭포공원,127.0888333,37.57302778,서울특별시 중랑구 용마산로 250-12
봉황어린이공원,127.0849444,37.59511111,서울특별시 중랑구 면목로91길 6-18
해누리체육공원,126.872745497,37.511982772,서울특별시 양천구 안양천로 711
양재근린공원,127.0424444,37.47177778,서울특별시 서초구 언남길 8
양재천(황톳길),127.062080148,37.490054624,서울특별시 강남구 대치동 504-4
용마폭포공원,127.0889722,37.57288889,서울특별시 중랑구 용마산로 250-12
해누리체육공원,126.872679721,37.511730044,서울특별시 양천구 안양천로 711
아시아공원,127.076043358,37.510300532,서울특별시 송파구 올림픽로 44
한강시민공원(뚝섬지구),127.0863889,37.52777778,서울특별시 광진구 자양동 704
노원구-개미어린이공원-1,127.077752245,37.620626996,서울특별시 노원구 동일로176길 45
남문공원,126.90056932,37.472359474,서울특별시 금천구 시흥대로138길 36
안양천둔치공원,126.87256587,37.505054933,서울특별시 양천구 신정동 871-24
개포까치공원,127.061147361,37.483694309,서울특별시 강남구 선릉로10길 16
목련공원,127.090434625,37.540567041,서울특별시 광진구 아차산로59길 41-6
중계근린공원,127.0656944,37.63955556,서울특별시 노원구 동일로 1229
푸른동산어린이공원,127.0911667,37.54283333,서울특별시 광진구 광나루로44길 32
서초구-두둑재어린이공원-1,127.04402338,37.467957398,서울특별시 서초구 강남대로6길 52-4
조마공원,126.8958333,37.47555556,서울특별시 금천구 시흥대로149길 30
개포목련어린이공원,127.0522222,37.47433333,서울특별시 강남구 논현로6길 34
구둘어린이공원,127.0923056,37.54825,서울특별시 광진구 자양로42길 48
남촌어린이공원,127.0913889,37.58580556,서울특별시 중랑구 용마산로81길 58-8
양마장공원,127.0886389,37.53086111,서울특별시 광진구 뚝섬로64길 58
샘말어린이공원,127.031762506,37.66847036,서울특별시 도봉구 시루봉로15마길 5
느티울근린공원,127.058,37.64919444,서울특별시 노원구 동일로213길 52
사랑어린이공원,127.060326685,37.647078933,서울특별시 노원구 동일로213길 21
한사랑어린이공원,126.9044444,37.46777778,서울특별시 금천구 독산로70라길 5-6
중랑구-묵동어린이공원,127.081530305,37.617225697,서울특별시 중랑구 숙선옹주로 45
등나무문화공원,127.067199467,37.639661548,서울특별시 노원구 동일로204길 13
갈산공원,126.8691667,37.50805556,서울특별시 양천구 목동남로 106-23
개포동근린공원,127.0683333,37.48983333,서울특별시 강남구 개포로 509
소망공원,126.9016667,37.46944444,서울특별시 금천구 독산로75길 12-7
감나무어린이공원,127.058877193,37.649225465,서울특별시 노원구 동일로213길 52
학여울공원,127.069,37.49038889,서울특별시 강남구 개포로 513
로보카폴리어린이교통공원,127.0626111,37.64558333,서울특별시 노원구 덕릉로 483
SETEC뒤양재천산책로,127.072808103,37.495263209,서울특별시 강남구 남부순환로 3104
안양천둔치공원,126.870865444,37.504101723,서울특별시 구로구 안양천로 642
중랑구-동심어린이공원,127.093552346,37.580318403,서울특별시 중랑구 사가정로72길 26
솔길어린이공원,126.8808333,37.48944444,서울특별시 구로구 가마산로 153-1
부렴어린이공원,127.079351767,37.505476569,서울특별시 송파구 도곡로64길 9-3
장미공원,126.9122222,37.46166667,서울특별시 금천구 독산로50길 166
정훈어린이공원,126.906285162,37.465507585,서울특별시 금천구 독산로58다길 31
측백나무정자마당,126.883313682,37.486206767,서울특별시 구로구 구로동로7나길 16-5
종달새공원,126.8580556,37.53527778,서울특별시 강서구 등촌로13라길 45
산장공원,126.912528033,37.46089115,서울특별시 금천구 독산로50길 177
개나리어린이공원,127.0371111,37.66733333,서울특별시 도봉구 도당로17길 31
사슴어린이공원,127.0417222,37.66444444,서울특별시 도봉구 도봉로145가길 8-4
시와묵향의거리,126.863727726,37.516270032,서울특별시 양천구 목동동로 81
봉화산 유아숲체험장,127.0844444,37.61480556,서울특별시 중랑구 숙선옹주로 66
푸른골어린이공원,126.903284639,37.466527908,서울특별시 금천구 독산로68길 30
봉화산공원,127.0869722,37.60919444,서울특별시 중랑구 묵동 산 46-19
겸재어린이공원,127.0933056,37.588,서울특별시 중랑구 겸재로50나길 19
해누리체육공원,126.8727778,37.51111111,서울특별시 양천구 안양천로 711
아시아공원,127.0763889,37.51055556,서울특별시 송파구 올림픽로 44
양재근린공원,127.042506318,37.471272677,서울특별시 서초구 언남길 8
양재근린공원,127.0429722,37.47161111,서울특별시 서초구 양재동 311
효자어린이공원,127.0510278,37.65019444,서울특별시 도봉구 노해로70길 46
마들체육공원,127.0576389,37.64397222,서울특별시 노원구 덕릉로 460
마들체육공원,127.0576389,37.64397222,서울특별시 노원구 덕릉로 460
경춘선폐선부지공원,127.0682222,37.63144444,서울특별시 노원구 섬밭로 156
양재천(황톳길),127.063317751,37.49023497,서울특별시 강남구 양재천로 363
반수공원,126.902336194,37.474157619,서울특별시 금천구 독산로93길 18
경춘선폐선부지공원,127.0684722,37.63163889,서울특별시 노원구 하계동 333-8
양재시민의숲,127.0378889,37.46738889,서울특별시 서초구 양재동 234
화원어린이공원,126.88,37.49777778,서울특별시 구로구 벚꽃로 490
안양천체육공원,126.8727778,37.50944444,서울특별시 양천구 신정동 871-18
뒷말어린이공원,127.0336111,37.66377778,서울특별시 도봉구 도당로11길 5-16
양천근린공원,126.8683333,37.51805556,서울특별시 양천구 목동동로 111
금천체육공원,126.9086111,37.46861111,서울특별시 금천구 독산로54길 102-27
금천체육공원,126.9086111,37.46861111,서울특별시 금천구 독산로54길 102-27
금천체육공원,126.9086111,37.46861111,서울특별시 금천구 독산로54길 102-27
금천체육공원,126.9086111,37.46861111,서울특별시 금천구 독산로54길 102-27
금천체육공원,126.9086111,37.46861111,서울특별시 금천구 독산로54길 102-27
용마폭포공원,127.0904722,37.57372222,서울특별시 중랑구 용마산로 250-12
달터근린공원,127.052200816,37.477466126,서울특별시 강남구 개포로28길 47
용마폭포공원,127.090576721,37.574600328,서울특별시 중랑구 용마산로 250-12
경춘선폐선부지공원,127.0696667,37.63152778,서울특별시 노원구 동일로 1127
유만어린이공원,127.052941374,37.650408657,서울특별시 도봉구 노해로70길 19
중랑천체육공원,127.0911111,37.56777778,서울특별시 광진구 중곡동 176-122
노해어린이공원,127.0396667,37.66091667,서울특별시 도봉구 도봉로139길 42-6
하계어린이공원,127.0693611,37.63219444,서울특별시 노원구 하계동 273-3
용마폭포공원,127.091029121,37.572636954,서울특별시 중랑구 면목동 산 1-4
곰돌이공원,126.858,37.56222222,서울특별시 강서구 허준로 176
양천근린공원,126.867536596,37.51781377,서울특별시 양천구 목동동로 117
양천근린공원,126.867532421,37.517637985,서울특별시 양천구 목동동로 117
개포서근린공원,127.0643333,37.48908333,서울특별시 강남구 개포로 409-1
능골마을마당,126.908,37.468,서울특별시 금천구 독산로54길 114
쌈지공원,126.9038889,37.47083333,서울특별시 금천구 독산로76길 48
한강시민공원(잠실지구),127.08245468,37.5181742,서울특별시 송파구 한가람로 65
대치근린공원,127.0696667,37.49544444,서울특별시 강남구 삼성로 150
소망어린이공원,127.0368889,37.66352778,서울특별시 도봉구 방학로6길 17
미도 어린이공원,126.9153611,37.46291667,서울특별시 관악구 난향길 74
양지어린이공원,127.0890833,37.59044444,서울특별시 중랑구 면목로78길 33
고인돌근린공원,127.046616699,37.471349362,서울특별시 서초구 동산로12길 13-16
한강시민공원(뚝섬지구),127.078,37.52777778,서울특별시 광진구 자양동 558-3
증미산둘레길,126.8652778,37.55861111,서울특별시 강서구 양천로61길 50
한강시민공원(잠실지구),127.074523501,37.518916556,서울특별시 송파구 한가람로 65
한강시민공원(잠실지구),127.074384263,37.518526668,서울특별시 송파구 한가람로 65
양재천근린공원,127.0439167,37.47905556,서울특별시 서초구 양재동 261-23
한강시민공원(뚝섬지구),127.078,37.52722222,서울특별시 광진구 자양동 410-1
합실 어린이공원,126.9269722,37.46530556,서울특별시 관악구 광신길 154
밀미리다리밑,127.048036828,37.48247764,서울특별시 강남구 개포동 1279
신라 어린이공원,126.91275,37.4735,서울특별시 관악구 미성8길 3-20
목화어린이공원,126.907237938,37.477492548,서울특별시 금천구 문성로7가길 20-1
발바닥공원,127.029466653,37.659445633,서울특별시 도봉구 시루봉로6길 33
은행나무어린이공원,127.0436667,37.64975,서울특별시 도봉구 해등로 50
발바닥공원,127.029380898,37.659560211,서울특별시 도봉구 시루봉로6길 33
일삼별공원,126.923515869,37.466804105,서울특별시 관악구 난곡로16길 32
중곡3동마을공원,127.0847222,37.57,서울특별시 광진구 용마산로33길 25
관악산게이트볼장,126.946298791,37.457678611,서울특별시 관악구 신림동 202-1
황금내공원,126.864525086,37.56166387,서울특별시 강서구 허준로 221-22
새싹어린이공원,127.083463496,37.581952981,서울특별시 중랑구 동일로92길 40
양재시민의숲,127.0355,37.47222222,서울특별시 서초구 매헌로 99
한강시민공원(뚝섬지구),127.0786111,37.52722222,서울특별시 광진구 자양동 564
양재천 제방,127.04131778,37.476076841,서울특별시 서초구 양재동 261-23
밤골어린이공원,127.045756101,37.648706976,서울특별시 도봉구 노해로66길 60
어린이대공원,127.083955654,37.547942253,서울특별시 광진구 능동로 216
애경어린이공원,126.8847222,37.5,서울특별시 구로구 구로중앙로 134
소망어린이공원,127.0747778,37.61119444,서울특별시 중랑구 동일로163길 47-11
문화예술근린공원,127.0315833,37.46927778,서울특별시 서초구 바우뫼로12길 40
한내공원,127.0699167,37.6205,서울특별시 노원구 마들로 45
한티근린공원,127.061999216,37.49616555,서울특별시 강남구 삼성로51길 7
구로리어린이공원,126.8916667,37.49083333,서울특별시 구로구 구로중앙로 13
출발마당공원,127.0494722,37.48241667,서울특별시 강남구 논현로22길 78
한강시민공원 난지지구,126.8643611,37.5745,서울특별시 마포구 상암동 496-192
중랑천변공원,127.0727778,37.61583333,서울특별시 중랑구 묵동 335
어린이대공원,127.084168221,37.546358873,서울특별시 광진구 능동로 216
둑방공원,127.0842222,37.58244444,서울특별시 중랑구 사가정로41길 30
수림대공원,127.073288069,37.61528556,서울특별시 중랑구 중랑천로 342
어린이대공원,127.084837327,37.549714261,서울특별시 광진구 능동로 216
한내공원,127.0689167,37.62305556,서울특별시 노원구 마들로 86
양재시민의숲,127.0353889,37.47097222,서울특별시 서초구 매헌로 99
양재시민의숲,127.0353889,37.47097222,서울특별시 서초구 매헌로 99
양재시민의숲,127.0353889,37.47097222,서울특별시 서초구 매헌로 99
양재천근린공원,127.0398611,37.47402778,서울특별시 서초구 마방로 8
해바라기 어린이공원,126.9304722,37.46208333,서울특별시 관악구 원신길 255
양재시민의숲,127.037,37.47186111,서울특별시 서초구 매헌로 99
늘벗근린공원,127.057540314,37.489733499,서울특별시 강남구 대치동 501
안양천체육공원,126.8758333,37.51277778,서울특별시 양천구 안양천로 750
자마장공원,127.082109692,37.534377115,서울특별시 광진구 자양로13길 41
대창어린이공원,127.0521389,37.64433333,서울특별시 도봉구 덕릉로66길 53
상봉어린이공원,127.0823611,37.59322222,서울특별시 중랑구 동일로114길 30-5
중랑구-햇살어린이공원,127.083364997,37.589973724,서울특별시 중랑구 봉우재로32길 72
미화어린이공원,127.039715021,37.654979392,서울특별시 도봉구 도봉로 564
관악산맷돌체조장,126.945699113,37.456202073,서울특별시 관악구 관악산나들길 149
중랑구-면목천로녹지대,127.08400239,37.58789386,서울특별시 중랑구 겸재로27길 7
문화예술근린공원,127.03025,37.46702778,서울특별시 서초구 바우뫼로12길 40
양재천(황톳길),127.057584915,37.488884133,서울특별시 강남구 대치동 504-4
양재시민의숲,127.0361389,37.47025,서울특별시 서초구 매헌로 99
양재시민의숲,127.0372222,37.47077778,서울특별시 서초구 매헌로 99
구룡공원,126.9027778,37.47777778,서울특별시 금천구 독산로107길 23-1
발바닥공원,127.033470906,37.660015858,서울특별시 도봉구 해등로26길 20
방학3동가로공원,127.027618789,37.66344693,서울특별시 도봉구 시루봉로 139-6
어린이대공원,127.0865278,37.55111111,서울특별시 광진구 능동로 216
양재천(황톳길),127.059018333,37.489423549,서울특별시 강남구 대치동 504-4
황금내공원,126.862,37.562,서울특별시 강서구 허준로 209
발바닥공원,127.033706538,37.66040887,서울특별시 도봉구 도당로 37
양재시민의숲,127.0371389,37.47,서울특별시 서초구 매헌로 99
등촌생태공원(한마음어린이공원),126.8430556,37.56083333,서울특별시 강서구 강서로56나길 34
덕의근린공원,126.856006224,37.506876676,서울특별시 구로구 중앙로15길 73
금천-도하소공원-1,126.895410366,37.45875947,서울특별시 금천구 벚꽃로 40
불암산도시자연공원,127.08325,37.63922222,서울특별시 노원구 중계로 36
세원어린이공원,127.0499444,37.45569444,서울특별시 서초구 청계산로 91
우장근린공원,126.8430556,37.55388889,서울특별시 강서구 우장산로 66
돌산체육공원,127.104,37.59169444,서울특별시 중랑구 망우동 산 69-508
구름어린이공원,126.844047937,37.543279392,서울특별시 강서구 초록마을로4길 32-1
불암산도시자연공원,127.0840833,37.63894444,서울특별시 노원구 중계로 36
한솔공원,127.0779167,37.48097222,서울특별시 강남구 광평로10길 6
삼전공원,127.092,37.50222222,서울특별시 송파구 백제고분로28길 10
금천-금나래중앙공원-1,126.895241962,37.457873,서울특별시 금천구 시흥대로79길 53
일원목련공원,127.08575,37.4915,서울특별시 강남구 양재대로47길 20
안양천(금천교하부),126.8855556,37.46555556,서울특별시 금천구 가산동 707
장수공원,126.848321271,37.522781648,서울특별시 양천구 오목로 100-6
까치산공원,126.8444444,37.53722222,서울특별시 강서구 까치산로2길 89-8
구화랑대역철도공원,127.093334743,37.624467792,서울특별시 노원구 화랑로 608
양천구-사슴어린이공원,126.848525332,37.521764251,서울특별시 양천구 중앙로29길 108-15
이화어린이공원,127.079185268,37.646780416,서울특별시 노원구 한글비석로8길 42
안양천(금천교하부),126.8869444,37.46388889,서울특별시 금천구 독산동 668-24
금천-방수설비잔디광장-1,126.9113176,37.446938049,서울특별시 금천구 시흥동 412-5
갓바위어린이공원,127.103413661,37.599075183,서울특별시 중랑구 용마산로112길 53-4
능골어린이공원,126.854224067,37.506893987,서울특별시 구로구 고척로51길 46
햇빛공원,127.0603056,37.66663889,서울특별시 노원구 한글비석로 530
별장길공원,126.9086111,37.44805556,서울특별시 금천구 독산로8다길 18
방죽어린이공원,127.1026667,37.60255556,서울특별시 중랑구 망우로67가길 23
금천-금나래중앙공원-2,126.894232768,37.457451222,서울특별시 금천구 시흥대로79길 53
목감천,126.862455293,37.490921672,서울특별시 구로구 개봉로20길 158
서울대공원,127.0164722,37.42563889,경기도 과천시 막계동 890-1
삼학사어린이공원,127.095615175,37.506150795,서울특별시 송파구 백제고분로27길 40-24
서울대공원,127.013739618,37.435797239,경기도 과천시 막계동 산 9-1
개나리어린이공원,127.0583333,37.66925,서울특별시 노원구 동일로228길 23
서울대공원,127.0111111,37.43452778,경기도 과천시 대공원광장로 80
삼밭공원,127.092822622,37.499516204,서울특별시 송파구 백제고분로28길 35-27
송파나루공원,127.097784319,37.509385069,서울특별시 송파구 삼학사로 136
망우어린이공원,127.1039444,37.60225,서울특별시 중랑구 망우로75길 19
서울대공원,127.0113333,37.43447222,경기도 과천시 대공원광장로 80
한강시민공원(잠실지구),127.104145368,37.526122248,서울특별시 송파구 신천동 257-1
고척근린공원,126.8527778,37.50611111,서울특별시 구로구 고척로45길 39
송파나루공원,127.098020584,37.509108705,서울특별시 송파구 삼학사로 136
궁산공원,126.840026488,37.574416382,서울특별시 강서구 가양동 산 4-7
독산근린공원,126.8847222,37.46333333,서울특별시 금천구 독산동 1086
금천-독산근린공원-1,126.883781467,37.464036146,경기도 광명시 하안로 284
산기슭공원,126.90741869,37.463551692,서울특별시 금천구 독산로54길 6
섬들어린이공원,127.0926667,37.59155556,서울특별시 중랑구 상봉로15가길 9
공암나루공원,126.8536111,37.5675,서울특별시 강서구 허준로5길 42
사가정공원,127.0948333,37.58008333,서울특별시 중랑구 면목동 산 50-16
안양천둔치공원,126.8716667,37.50027778,서울특별시 구로구 구로동 621-8
안양천둔치공원,126.87167295,37.500223447,서울특별시 구로구 구로동 621-8
골말어린이공원,126.884597058,37.482814222,서울특별시 금천구 벚꽃로38길 35
긴고랑등산로입구,127.096114761,37.563016773,서울특별시 광진구 중곡동 143-146
한강시민공원(잠실지구),127.087231009,37.518522238,서울특별시 송파구 한가람로 65
두산공원,126.894124699,37.473212188,서울특별시 금천구 시흥대로123길 91
긴고랑등산로입구,127.096188879,37.562396221,서울특별시 광진구 긴고랑로 214
신현어린이공원,127.0897222,37.60344444,서울특별시 중랑구 봉화산로 130
무아래공원,126.893243964,37.473390193,서울특별시 금천구 가산로5길 29
무궁화공원,126.9044444,37.46444444,서울특별시 금천구 독산로58나길 4
구암공원,126.8527778,37.56777778,서울특별시 강서구 허준로5길 42
한강시민공원(뚝섬지구),127.092,37.53055556,서울특별시 광진구 자양동 562
아차산공원,127.0959444,37.54877778,서울특별시 광진구 천호대로 731
사가정공원,127.096132331,37.579685047,서울특별시 중랑구 사가정로72길 47
구암공원,126.8522222,37.56861111,서울특별시 강서구 허준로5길 42
공암나루공원,126.852,37.56805556,서울특별시 강서구 허준로 91
한강시민공원(잠실지구),127.0891667,37.51888889,서울특별시 송파구 한가람로 65
구의공원,127.0948333,37.53705556,서울특별시 광진구 광나루로56길 32
한강시민공원,126.8516667,37.57,서울특별시 강서구 가양동 439-1
쌀섬어린이공원,127.082380541,37.504063167,서울특별시 송파구 백제고분로18길 20-36
달동산어린이공원,127.0949722,37.59222222,서울특별시 중랑구 상봉로16가길 4
잠실근린공원,127.0836111,37.50583333,서울특별시 송파구 백제고분로 147-2
아차산공원,127.0972222,37.54811111,서울특별시 광진구 천호대로 731
중랑구-옹기테마공원,127.088339479,37.61275465,서울특별시 중랑구 신내로21길 116
무궁화어린이공원,127.0421389,37.66783333,서울특별시 도봉구 도당로31길 15-3
송록어린이공원,126.90608043,37.461190171,서울특별시 금천구 독산로44길 19
옹기테마공원,127.0885556,37.61261111,서울특별시 중랑구 신내로21길 116
소파어린이공원,127.0958611,37.58938889,서울특별시 중랑구 겸재로64길 21
골마을근린공원,127.07373378,37.638679218,서울특별시 노원구 한글비석로 97
중랑구-햇님어린이공원,127.095167946,37.593596748,서울특별시 중랑구 봉우재로58길 16-5
아차산공원,127.09775,37.54838889,서울특별시 광진구 광장동 380-3
무궁화공원,126.8519444,37.54583333,서울특별시 강서구 까치산로18길 61
신내공원,127.0884722,37.61441667,서울특별시 중랑구 신내로15길 175
봉제산공원,126.852025807,37.542273373,서울특별시 강서구 화곡동 산 41-6
대진공원,127.0786389,37.49527778,서울특별시 강남구 개포로 623-1
광진숲나루,127.098219764,37.546871718,서울특별시 광진구 구의동 178-7
안양천둔치공원,126.870876962,37.49497559,서울특별시 구로구 구로동 642-71
가재울근린공원,127.066398529,37.648755361,서울특별시 노원구 덕릉로 541
신내공원,127.08925,37.61405556,서울특별시 중랑구 신내로15길 143
금성윗돌공원,127.044767756,37.667622192,서울특별시 도봉구 도봉로150다길 28
국화어린이공원,127.0761944,37.63705556,서울특별시 노원구 공릉로58마길 1
엄지어린이공원,127.062974663,37.652695089,서울특별시 노원구 동일로216길 47
무지개공원,126.901043086,37.462944931,서울특별시 금천구 시흥대로90길 60-3
새마을어린이공원,127.0866667,37.50805556,서울특별시 송파구 백제고분로19길 27-26
노원구-용화어린이공원-1,127.056761017,37.659104762,서울특별시 노원구 동일로221길 27
광진교,127.1120833,37.54505556,서울특별시 강동구 천호동 527-2
봉제산공원,126.8511111,37.54194444,서울특별시 강서구 초록마을로 69-9
노원구-공릉근린공원-1,127.086872327,37.620746506,서울특별시 노원구 화랑로 540
한강시민공원(잠실지구),127.092146087,37.519375322,서울특별시 송파구 한가람로 65
독산마을마당,126.8991667,37.46361111,서울특별시 금천구 시흥대로98길 17
봉화산공원,127.09275,37.60747222,서울특별시 중랑구 봉화산로 193
하마터공원,126.8536111,37.53,서울특별시 강서구 곰달래로36길 22
하마터공원,126.8536111,37.53,서울특별시 강서구 곰달래로36길 22
산새어린이공원,126.85,37.54611111,서울특별시 강서구 까치산로18나길 37-9
용마도시공원,127.0985556,37.58794444,서울특별시 중랑구 면목동 산 19
봉화산자연체험공원,127.092798393,37.608530198,서울특별시 중랑구 봉화산로45길 115
공암나루공원,126.8486111,37.57055556,서울특별시 강서구 허준로 47
공암나루공원,126.8486111,37.57055556,서울특별시 강서구 허준로 47
공암나루공원,126.8486111,37.57055556,서울특별시 강서구 허준로 47
등나무어린이공원,127.09674881,37.597671287,서울특별시 중랑구 용마산로115가길 31-5
해태어린이공원,127.0411944,37.67197222,서울특별시 도봉구 시루봉로27가길 21
물보라어린이공원,127.066852188,37.651156837,서울특별시 노원구 동일로214길 21
옹기터 마을마당,127.0954444,37.60291667,서울특별시 중랑구 신내로7길 6
반디어린이공원,127.05425,37.66291667,서울특별시 노원구 노원로 564
진달래공원,127.0863889,37.50361111,서울특별시 송파구 백제고분로20길 13-8
꽃동산어린이공원,127.0988333,37.59141667,서울특별시 중랑구 용마산로96가길 25
안골공원,126.8508333,37.53555556,서울특별시 강서구 강서로18아길 7
한아름어린이 공원 ,127.0612778,37.65755556,서울특별시 노원구 동일로 1456
느티나무공원,126.9066667,37.45611111,서울특별시 금천구 독산로24가길 20
금천-삼성체육공원-1,126.909149911,37.454509937,서울특별시 금천구 독산로24마길 30
노원구-꿈동산어린이공원-1,127.072232615,37.646750498,서울특별시 노원구 노원로22길 34
금천-말뫼마을마당-1,126.893111648,37.46563006,서울특별시 금천구 범안로12가길 27
노원구-청솔어린이공원-1,127.087719055,37.624199399,서울특별시 노원구 화랑로51길 81
민들레어린이공원,127.056282319,37.662857451,서울특별시 노원구 노원로 564
나루터어린이공원,127.086704963,37.501563582,서울특별시 송파구 백제고분로22길 34-33
한강시민공원(잠실지구),127.0958333,37.52083333,서울특별시 송파구 신천동 1-1
중랑천,127.048298673,37.669677287,서울특별시 도봉구 마들로 684-20
신트리근린공원,126.8561111,37.51416667,서울특별시 양천구 목동동로 3
가양동 문화공원,126.845893531,37.566217544,서울특별시 강서구 양천로 391
갈말공원(참새어린이공원),127.054,37.66572222,서울특별시 노원구 한글비석로 566
새말공원,126.8463889,37.55194444,서울특별시 강서구 화곡로53길 56-10
새말공원,126.8463889,37.55194444,서울특별시 강서구 화곡로53길 56-10
해태어린이공원,126.901924362,37.457712494,서울특별시 금천구 독산로41길 77
계남2근린공원,126.856997852,37.51097421,서울특별시 양천구 중앙로 153
갈말공원(참새어린이공원),127.0544444,37.66575,서울특별시 노원구 동일로227길 49
샛별어린이공원,127.1006389,37.5935,서울특별시 중랑구 용마공원로4길 22
호돌이어린이공원,127.05099807,37.668621767,서울특별시 노원구 동일로227길 86
상계근린공원,127.0505556,37.66902778,서울특별시 노원구 동일로227길 106
대청근린공원,127.0828611,37.49277778,서울특별시 강남구 개포로124길 24
상계근린공원,127.0504444,37.66955556,서울특별시 노원구 동일로227길 106
용마산 가족공원,127.1026472,37.58883333,서울특별시 중랑구 용마산로94길 101
양지근린공원,127.0753611,37.64705556,서울특별시 노원구 한글비석로5길 62
상계근린공원,127.0503889,37.67036111,서울특별시 노원구 상계동 620
배밭공원,127.102682552,37.589568024,서울특별시 중랑구 용마산로96길 79-40
달빛어린이 공원 ,127.059943265,37.66306946,서울특별시 노원구 노원로 532
우장산(축구)공원,126.8447222,37.55,서울특별시 강서구 우장산로10길 112
나들이 어린이 공원,126.8441667,37.57194444,서울특별시 강서구 허준로 9
삼밭나루어린이공원,127.091697993,37.505296802,서울특별시 송파구 백제고분로23길 15
우장산(축구)공원,126.8444444,37.54972222,서울특별시 강서구 우장산로10길 112
배밭공원,127.1032222,37.59,서울특별시 중랑구 용마산로100길 86-1
계남3근린공원,126.8555556,37.50916667,서울특별시 구로구 고척동 산 6-1
능산공원,127.0975278,37.61158333,서울특별시 중랑구 신내로 128
중랑캠핑숲,127.110653811,37.606433963,서울특별시 중랑구 송림길 172
늘푸른어린이공원,127.0565278,37.68066667,서울특별시 노원구 동일로248길 30
개웅어린이공원,126.8530556,37.49,서울특별시 구로구 개봉로15길 58-2
풍납동토성,127.1144444,37.53555556,서울특별시 송파구 풍납동 199-21
까치어린이공원,126.905044384,37.439599606,서울특별시 금천구 시흥대로16길 20
송파나루공원,127.107671213,37.511980436,서울특별시 송파구 석촌호수로 298
양천구- 송죽어린이공원,126.833889148,37.539377386,서울특별시 양천구 월정로40길 10-1
한강공원(광나루),127.115970819,37.541254503,서울특별시 송파구 풍납동 49-2
서부녹지-서울식물원-1,126.831582272,37.567721849,서울특별시 강서구 마곡동 812
서울대공원,127.018402679,37.427814429,경기도 과천시 막계동 594
청계숲어린이공원,127.0579167,37.44761111,서울특별시 서초구 청계산로11길 14
서울대공원,127.0240833,37.42972222,경기도 과천시 막계동 산 59-2
넘은들공원,126.8411111,37.5125,서울특별시 양천구 남부순환로 640
서울대공원,127.0166111,37.42713889,경기도 과천시 막계동 633
서울대공원,127.0250833,37.42969444,경기도 과천시 막계동 산 58-1
서울대공원,127.0254167,37.42969444,경기도 과천시 막계동 산 58-1
서울대공원,127.025596698,37.429610204,경기도 과천시 막계동 산 58-1
서울대공원,127.0254444,37.42941667,경기도 과천시 막계동 산 58-1
서울대공원,127.0193056,37.42716667,경기도 과천시 막계동 652-1
서울대공원,127.0249167,37.42911111,경기도 과천시 막계동 산 59-2
서울대공원,127.0254722,37.42922222,경기도 과천시 막계동 산 58-1
서울대공원,127.013491057,37.425299777,경기도 과천시 막계동 산 111-4
서울대공원,127.0232778,37.42544444,경기도 과천시 막계동 산 133-24
진달래공원,126.904870214,37.434828263,서울특별시 금천구 시흥대로2길 24
한강공원(광나루),127.120800984,37.548057313,서울특별시 강동구 천호동 351-1
서울대공원,127.0208333,37.42458333,경기도 과천시 막계동 681
한강공원(광나루),127.120866557,37.547404042,서울특별시 강동구 천호동 351-1
헌인릉공원,127.0840278,37.46563889,서울특별시 서초구 헌인릉길 36-10
한강공원(광나루),127.1213889,37.54944444,서울특별시 강동구 천호동 351-1
한강공원(광나루),127.121387166,37.548550432,서울특별시 강동구 천호동 351-1
가로공원,126.829826827,37.536072153,서울특별시 양천구 가로공원로 124
한강공원(광나루),127.1216667,37.55055556,서울특별시 강동구 암사동 624-3
마곡광장,126.827090025,37.566032995,서울특별시 강서구 마곡중앙5로 9
서울대공원,127.0210833,37.42391667,경기도 과천시 막계동 732-1
서울대공원,127.0195,37.42333333,경기도 과천시 막계동 708-2
신월근린공원,126.834312358,37.517870041,서울특별시 양천구 신월로 99
서서울호수공원,126.831215771,37.528515483,서울특별시 양천구 남부순환로64길 26
서서울호수공원,126.831080543,37.528767094,서울특별시 양천구 남부순환로58길 33
한강공원(광나루),127.122220264,37.551712346,서울특별시 강동구 암사동 624-3
방이근린공원,127.114108961,37.514297856,서울특별시 송파구 백제고분로 495
한강공원(광나루),127.1222222,37.55055556,서울특별시 강동구 암사동 624-2
올림픽공원,127.1169444,37.52222222,서울특별시 송파구 올림픽로 448
서울대공원,127.022553704,37.423781864,경기도 과천시 막계동 740
한강공원(광나루),127.122672075,37.553041034,서울특별시 강동구 암사동 624-3
올림픽공원,127.1163889,37.52,서울특별시 송파구 올림픽로 424
서울대공원,127.0179722,37.42205556,경기도 과천시 막계동 산 108-11
올림픽공원,127.1169444,37.52111111,서울특별시 송파구 올림픽로 448
한강공원(광나루),127.123097868,37.55391896,서울특별시 강동구 암사동 613-8
노원구-상계장암지구근린공원-1,127.055748536,37.688992224,서울특별시 노원구 동일로 1794
서울대공원,127.0196667,37.42219444,경기도 과천시 막계동 716-2
서울대공원,127.0214444,37.42252778,경기도 과천시 막계동 780-2
개웅산근린공원,126.8480556,37.485,서울특별시 구로구 개봉로3길 108-42
서서울호수공원,126.829650629,37.528569704,서울특별시 양천구 남부순환로64길 26
서울대공원,127.0231111,37.42286111,경기도 과천시 막계동 761
양천구-양지근린공원,126.831073462,37.522589314,서울특별시 양천구 지양로13길 11
올림픽공원,127.1169444,37.518,서울특별시 송파구 올림픽로 424
광진어린이공원,127.1227778,37.54305556,서울특별시 강동구 구천면로13길 26
어사어린이공원,127.113096507,37.507117468,서울특별시 송파구 백제고분로44길 13-25
발산근린공원,126.8252778,37.55444444,서울특별시 강서구 수명로1길 131
신월근린공원,126.832,37.51805556,서울특별시 양천구 신월로 99
서울대공원,127.024477337,37.422523193,경기도 과천시 막계동 754-2
새싹어린이공원,127.1127778,37.50472222,서울특별시 송파구 가락로23길 14-21
서울대공원,127.0266667,37.42294444,경기도 과천시 막계동 747
서울대공원,127.021752638,37.420901002,경기도 과천시 막계동 827
서서울호수공원,126.828428225,37.527318901,서울특별시 양천구 남부순환로64길 26
서울대공원,127.021822294,37.420610592,경기도 과천시 막계동 829-1
서울대공원,127.013457268,37.425281611,경기도 과천시 막계동 산 111-4
도봉산역만남의광장,127.0465,37.68919444,서울특별시 도봉구 도봉로 964-40
불암어린이공원,127.078712379,37.664271418,서울특별시 노원구 덕릉로94가길 20
서울대공원,127.0249722,37.42877778,경기도 과천시 막계동 산 59-2
중랑캠핑숲,127.113164057,37.60519376,서울특별시 중랑구 망우동 73-8
금천-박미사랑소공원-1,126.904542383,37.437728236,서울특별시 금천구 시흥대로 46
서울대공원,127.0253333,37.42866667,경기도 과천시 막계동 산 59-2
수명산근린공원,126.8305556,37.55111111,서울특별시 강서구 강서로47바길 52
서울창포원,127.047146608,37.689454854,서울특별시 도봉구 마들로 916
풍납동토성,127.1166667,37.53583333,서울특별시 송파구 풍성로15길 16
방잇골어린이공원,127.1102778,37.51333333,서울특별시 송파구 올림픽로32길 29
금실어린이공원,126.837324172,37.518310611,서울특별시 양천구 지양로 21
양천구-신대어린이공원,126.832795253,37.534791926,서울특별시 양천구 곰달래로9길 59-4
궁마을근린공원,127.095455573,37.48382803,서울특별시 강남구 광평로 202
서울대공원,127.0175278,37.42555556,경기도 과천시 막계동 703-2
오솔길근린공원,126.8361111,37.52083333,서울특별시 양천구 남부순환로70길 17-15
서울대공원,127.026,37.42827778,경기도 과천시 막계동 산 65-136
서울대공원,127.0209444,37.42641667,경기도 과천시 막계동 662
수서까치공원,127.0980833,37.48719444,서울특별시 강남구 광평로47길 17
평화어린이공원,127.112033685,37.516265034,서울특별시 송파구 올림픽로34길 5-16
서울대공원,127.0183363,37.425384968,경기도 과천시 막계동 687-2
양천구-신오어린이공원,126.831518934,37.538295898,서울특별시 양천구 남부순환로33길 38
서울대공원,127.0215556,37.42638889,경기도 과천시 막계동 668
서울대공원,127.0201667,37.42588889,경기도 과천시 막계동 665
아름어린이공원,127.107060406,37.503305069,서울특별시 송파구 백제고분로40길 19-6
중랑캠핑숲,127.114374253,37.605589553,서울특별시 중랑구 망우동 산 30-61
한강공원(광나루),127.1188889,37.54305556,서울특별시 강동구 천호동 480-8
헌인릉공원,127.0819167,37.46541667,서울특별시 서초구 헌인릉길 36-10
태양근린공원,127.115203113,37.52488788,서울특별시 송파구 올림픽로43길 26
아랑어린이공원,127.1094444,37.50805556,서울특별시 송파구 백제고분로43길 7
수명산근린공원,126.8291667,37.55083333,서울특별시 강서구 수명로2길 108
서울대공원,127.0221111,37.42583333,경기도 과천시 막계동 890-1
한강공원(광나루),127.1197222,37.545,서울특별시 강동구 천호동 483-8
신이어린이공원,126.8377778,37.5125,서울특별시 양천구 신정로7길 60-5
서울대공원,127.0223333,37.42561111,경기도 과천시 막계동 669
당고개지구공원,127.0771389,37.66902778,서울특별시 노원구 상계동 113-2
다락원체육공원,127.047411844,37.691535692,서울특별시 도봉구 창포원로 45
서울대공원,127.0193056,37.42441667,경기도 과천시 막계동 890-1
다락원체육공원,127.04737716,37.691643718,서울특별시 도봉구 창포원로 45
구릉근린공원,127.111520646,37.617300297,서울특별시 중랑구 신내역로1길 164
송파근린공원,127.1097222,37.50638889,서울특별시 송파구 백제고분로42길 5
한강공원(광나루),127.12045765,37.545998869,서울특별시 강동구 천호동 483-8
송파나루공원,127.097791452,37.508055588,서울특별시 송파구 석촌호수로 197
서울대공원,127.015727998,37.435086561,경기도 과천시 막계동 산 20-1
노원구-종달새어린이공원-1,127.062077418,37.66815773,서울특별시 노원구 수락산로 131
송파나루공원,127.097994663,37.507085065,서울특별시 송파구 석촌호수로 197
서울대공원,127.006999511,37.431961039,경기도 과천시 막계동 362-5
고척근린공원,126.8527778,37.50361111,서울특별시 구로구 고척로52가길 58
고척근린공원,126.851899158,37.505236288,서울특별시 구로구 고척로41길 38-6
서울대공원,127.00925,37.43238889,경기도 과천시 막계동 357
천보어린이공원,127.0786944,37.65216667,서울특별시 노원구 중계로 184
고척근린공원,126.8513889,37.50583333,서울특별시 구로구 고척로45길 39
고척근린공원,126.851958678,37.504240622,서울특별시 구로구 고척로43길 15
남서울공원,126.90212852,37.448400215,서울특별시 금천구 시흥대로 155
정담공원,127.080746571,37.650341752,서울특별시 노원구 중계로 169
고척근린공원,126.852198574,37.503319364,서울특별시 구로구 고척로52가길 76
궁산공원,126.8380556,37.57277778,서울특별시 강서구 양천로47길 54
서초구-청계산 수변공원-1,127.052906418,37.451659228,서울특별시 서초구 신원동 298-1
꿈나라어린이공원,127.076832963,37.655798893,서울특별시 노원구 덕릉로76길 29
서울대공원,127.0168611,37.4335,경기도 과천시 광명로 181
버들공원,126.8413889,37.53111111,서울특별시 강서구 곰달래로19가길 16-12
금천-풍림어린이공원-1,126.901768994,37.447606437,서울특별시 금천구 시흥대로 165
송파나루공원,127.099847677,37.507035021,서울특별시 송파구 석촌호수로 197
무수천,127.048051379,37.680537399,서울특별시 도봉구 도봉로180길 6-83
서원어린이공원,127.0432222,37.68386111,서울특별시 도봉구 도봉로177길 76-5
석촌어린이공원,127.099805509,37.505926206,서울특별시 송파구 백제고분로33길 32-20
계남1근린공원,126.845842517,37.514076692,서울특별시 양천구 신정로13가길 36
서울대공원,127.0106667,37.43063889,경기도 과천시 막계동 산 118-3
누원어린이공원,127.05,37.68027778,서울특별시 도봉구 도봉로180길 6-119
참새공원,126.8869444,37.45694444,서울특별시 금천구 한내로 55
서울대공원,127.0166389,37.43202778,경기도 과천시 막계동 439
금천-중앙어린이공원-1,126.90139957,37.446399243,서울특별시 금천구 시흥대로 165
무궁화어린이공원,127.0694167,37.66547222,서울특별시 노원구 한글비석로46길 44
송파나루공원,127.1033333,37.51166667,서울특별시 송파구 잠실로 180
계남1근린공원,126.845071228,37.51363977,서울특별시 양천구 신정로13가길 30
꾸러기공원,126.905849727,37.443184321,서울특별시 금천구 시흥대로34길 17
서울대공원,127.0135833,37.43030556,경기도 과천시 막계동 532
노원구-갓바위어린이공원-1,127.078867537,37.65760923,서울특별시 노원구 한글비석로14길 8
서울대공원,127.0152222,37.43008333,경기도 과천시 막계동 552
서부녹지-서울식물원-3,126.834718886,37.570828418,서울특별시 강서구 마곡동로 161
한강공원(광나루),127.112279739,37.537051139,서울특별시 송파구 풍납동 45-3
송파나루공원,127.105,37.51222222,서울특별시 송파구 잠실로 180
오봉산어린이공원,127.102480029,37.506174097,서울특별시 송파구 석촌호수로20길 13
무지개어린이공원,127.045104598,37.685579159,서울특별시 도봉구 도봉산1길 39
서울대공원,127.016,37.42997222,경기도 과천시 막계동 554
비둘기공원,126.906317901,37.441519152,서울특별시 금천구 시흥대로26길 44
서울대공원,127.0169722,37.43013889,경기도 과천시 막계동 567
서울대공원,127.014195069,37.42916504,경기도 과천시 막계동 609-1
송파나루공원,127.1055556,37.5125,서울특별시 송파구 잠실로 180
석촌고분군,127.1016667,37.50305556,서울특별시 송파구 백제고분로36길 20
서울대공원,127.016427599,37.429566289,경기도 과천시 막계동 557
서울대공원,127.0152222,37.42891667,경기도 과천시 막계동 605
한강공원(광나루),127.113636647,37.53841438,서울특별시 송파구 풍납동 45-3
중랑캠핑숲,127.109817684,37.606001694,서울특별시 중랑구 송림길 160
중랑캠핑숲,127.109742624,37.606273206,서울특별시 중랑구 송림길 160
송파나루공원,127.105485266,37.510231278,서울특별시 송파구 석촌호수로 272
샘터어린이공원,127.053690389,37.681514286,서울특별시 노원구 동일로245길 162
노원구-노원골지구공원-1,127.062653124,37.675228891,서울특별시 노원구 상계동 산 62-5
광진교,127.115,37.54411111,서울특별시 강동구 천호동 484-9
풍납동토성,127.1136111,37.53555556,서울특별시 송파구 풍성로 6
중랑캠핑숲,127.1105833,37.605,서울특별시 중랑구 망우로87길 110
석촌고분군,127.101786161,37.501011471,서울특별시 송파구 가락로5길 17
서울대공원,127.0168056,37.42861111,경기도 과천시 막계동 603
개봉동과장미공원,126.854675545,37.48828804,서울특별시 구로구 개봉로11길 28-8
서울대공원,127.015821599,37.428013454,경기도 과천시 막계동 628
새동네어린이공원,127.043015754,37.688909387,서울특별시 도봉구 도봉산4길 28-3
중랑캠핑숲,127.110484338,37.606615417,서울특별시 중랑구 송림길 172
한강공원(광나루),127.114970806,37.540358905,서울특별시 송파구 풍납동 49-2
달님어린이공원,127.142,37.53611111,서울특별시 강동구 천호대로185길 52-5
한샘어린이공원,127.125,37.48472222,서울특별시 송파구 송파대로14길 7-20
글샘근린공원,127.1216667,37.47861111,서울특별시 송파구 문정동 625
온수체육공원,126.819803716,37.493101672,서울특별시 구로구 부일로1길 42
오금공원,127.1333333,37.50055556,서울특별시 송파구 동남로 271
개롱공원,127.130771629,37.493525169,서울특별시 송파구 동남로 178
샘물어린이공원,127.145,37.54555556,서울특별시 강동구 천중로51길 108
염주골어린이공원,127.145709919,37.54972557,서울특별시 강동구 양재대로138길 37
둔촌어린이공원,127.1436111,37.53138889,서울특별시 강동구 명일로 140
샛마을공원,127.1463889,37.55194444,서울특별시 강동구 고덕로46길 71
무궁화어린이공원,127.145439522,37.542279565,서울특별시 강동구 양재대로124길 62
문정공원,127.128222894,37.486229654,서울특별시 송파구 송이로30길 35
푸른수목원,126.8233333,37.482,서울특별시 구로구 연동로 240
샛마을공원,127.1466667,37.55111111,서울특별시 강동구 구천면로 431-14
문정공원,127.129263855,37.486737688,서울특별시 송파구 문정로 59
아랫말어린이공원,127.1372222,37.50472222,서울특별시 송파구 성내천로 39
샛팽이어린이공원,127.134129357,37.496848123,서울특별시 송파구 오금로42길 15
샛마을공원,127.147544018,37.550905073,서울특별시 강동구 고덕로 210
연화공원,127.129045084,37.485229471,서울특별시 송파구 새말로15길 17-5
고덕레미안힐스테이트공원,127.1488889,37.55805556,서울특별시 강동구 아리수로50길 50
문현어린이공원,127.128289448,37.48135799,서울특별시 송파구 충민로 115
희망어린이공원,127.1311111,37.48583333,서울특별시 송파구 송이로36길 15
투구봉공원,127.135333942,37.493990021,서울특별시 송파구 문정로13길 11-13
원터근린공원,127.1502778,37.55194444,서울특별시 강동구 명일로 376
문정공원,127.135502696,37.491854312,서울특별시 송파구 송이로31길 56
벌말어린이공원,127.140008091,37.501805648,서울특별시 송파구 성내천로 87
성내천 음수대,127.139519699,37.500436342,서울특별시 송파구 성내천로14길 3-15
꿈나무어린이공원,127.141076253,37.503192488,서울특별시 송파구 마천로27길 8-4
두레근린공원,127.1519444,37.55861111,서울특별시 강동구 동남로81길 96
허브체험공원,127.150962607,37.536420303,서울특별시 강동구 천호대로 1260
송림근린공원,127.1533333,37.55555556,서울특별시 강동구 고덕로 227
일자산공원,127.1511111,37.53277778,서울특별시 강동구 동남로 660
꿈나래어린이공원,127.1541667,37.56083333,서울특별시 강동구 동남로85길 48
일자산공원,127.1516667,37.53388889,서울특별시 강동구 둔촌동 산 119
길동생태공원,127.1533333,37.53916667,서울특별시 강동구 천호대로 1291
거여공원,127.1419444,37.49638889,서울특별시 송파구 오금로57길 15
일자산공원,127.1538889,37.53694444,서울특별시 강동구 둔촌동 산 86
영풍어린이공원,127.142495079,37.495111572,서울특별시 송파구 거마로3길 23
마천공원,127.1452778,37.50138889,서울특별시 송파구 거마로27길 42
마천공원,127.145834077,37.501327509,서울특별시 송파구 성내천로23길 12
서부녹지-서서울호수공원-8,126.828421892,37.526270599,서울특별시 양천구 신월동 149-20
옛동산어린이공원,127.115709146,37.509521361,서울특별시 송파구 오금로23길 9-5
서서울호수공원,126.828217469,37.526526771,서울특별시 양천구 남부순환로64길 26
서울대공원,127.023549741,37.420874457,경기도 과천시 막계동 산 77-2
한강시민공원,126.824417891,37.582938121,서울특별시 강서구 방화동 13-1
서서울호수공원,126.828433429,37.524844734,서울특별시 양천구 남부순환로64길 26
갈월어린이 공원,127.083199338,37.669877889,서울특별시 노원구 덕릉로124가길 29
서해안로주민쉼터,126.841134094,37.492327971,서울특별시 구로구 오류로 86
서서울호수공원,126.828224035,37.52484805,서울특별시 양천구 남부순환로64길 26
서울대공원,127.02175,37.41930556,경기도 과천시 막계동 875
성내하니공원,127.12669399,37.529491262,서울특별시 강동구 성내로3가길 71
한강시민공원,126.8236111,37.58361111,서울특별시 강서구 방화동 15-16
올림픽공원,127.1208333,37.52111111,서울특별시 송파구 방이동 88-3
곰말어린이공원,127.117825661,37.51189317,서울특별시 송파구 가락로39길 11
천호해공공원,127.1261111,37.545,서울특별시 강동구 올림픽로 702
천호해공공원,127.1261111,37.54472222,서울특별시 강동구 올림픽로 702
한양공원,127.1152778,37.50416667,서울특별시 송파구 가락로 192
서울대공원,127.025005771,37.419379534,경기도 과천시 막계동 794
천호해공공원,127.126770671,37.543912075,서울특별시 강동구 천중로12길 27
한강시민공원,126.822466894,37.583889116,서울특별시 강서구 방화동 18-2
올림픽공원,127.1227778,37.52333333,서울특별시 송파구 방이동 88-3
올림픽공원,127.1208333,37.51666667,서울특별시 송파구 방이동 88-22
올림픽공원,127.1230556,37.52388889,서울특별시 송파구 방이동 88-3
성내천어린이공원,127.1238889,37.52694444,서울특별시 강동구 성내로6가길 34-5
올림픽공원,127.1213889,37.518,서울특별시 송파구 올림픽로 424
배밭어린이공원,127.115430405,37.50154792,서울특별시 송파구 송파대로36길 31-14
방이고분군,127.118052602,37.507604558,서울특별시 송파구 오금로 219
서울대공원,127.0245,37.41816667,경기도 과천시 막계동 산 82
올림픽공원,127.1236111,37.52388889,서울특별시 송파구 올림픽로 424
서울대공원,127.0238889,37.41783333,경기도 과천시 막계동 811
옹기골공원,126.8205556,37.57361111,서울특별시 강서구 방화대로48길 40
연지소공원,126.843541134,37.482266496,서울특별시 구로구 오리로 1083
천사어린이공원,127.1283333,37.54388889,서울특별시 강동구 천중로12길 23-23
동산어린이공원,127.1297222,37.54722222,서울특별시 강동구 구천면로41길 79
행복공원,127.0971111,37.46719444,서울특별시 강남구 헌릉로569길 41
새장터어린이공원,127.130672842,37.552027521,서울특별시 강동구 암사1가길 16
암사역사공원,127.131129583,37.55870347,서울특별시 강동구 올림픽로 874
샛별어린이공원,127.1269444,37.52722222,서울특별시 강동구 성내로14길 18
올림픽공원,127.1244444,37.518,서울특별시 송파구 방이동 88-2
암사역사공원,127.131582956,37.558605737,서울특별시 강동구 올림픽로 864
훼미리공원,127.1133333,37.49027778,서울특별시 송파구 중대로 24
올림픽공원,127.1255556,37.52027778,서울특별시 송파구 방이동 88-2
한강시민공원,126.8188889,37.58555556,서울특별시 강서구 방화동 25
올림픽공원,127.126729735,37.522601622,서울특별시 송파구 방이동 88-2
천호동성당,127.1311111,37.54138889,서울특별시 강동구 구천면로 236-1
방화대교 남단,126.818,37.58527778,서울특별시 강서구 방화동 48-3
고분다리어린이공원,127.1319444,37.54555556,서울특별시 강동구 구천면로39길 23
호돌이어린이공원,127.113347803,37.487457338,서울특별시 송파구 중대로 24
버들어린이공원,126.839373771,37.481555985,서울특별시 구로구 천왕로 42
안말어린이공원,127.129905299,37.531523789,서울특별시 강동구 성안로13길 45-10
한강시민공원,126.817416938,37.585903803,서울특별시 강서구 양천로27길 279-23
새쟁이어린이공원,127.068731039,37.435510413,서울특별시 서초구 새정3길 2
임금샘어린이공원,127.125022488,37.510975442,서울특별시 송파구 양재대로71길 20-10
수른어린이공원,126.829613576,37.497923643,서울특별시 구로구 오리로 1302-5
봉우리어린이공원,127.119206269,37.496548581,서울특별시 송파구 양재대로62길 32-13
쌈지어린이공원,126.8152778,37.57138889,서울특별시 강서구 양천로24길 43
올림픽공원,127.126625881,37.515054667,서울특별시 송파구 방이동 88-2
연지공원,126.8391667,37.47888889,서울특별시 구로구 천왕로 21
천왕근린공원,126.8408333,37.47555556,서울특별시 구로구 천왕동 276
호순이어린이공원,127.117020301,37.489853405,서울특별시 송파구 중대로 24
연지공원,126.838129607,37.479633645,서울특별시 구로구 천왕로 29
당말어린이공원,127.1333333,37.53888889,서울특별시 강동구 성안로25길 40
방죽소공원,127.106580486,37.472393482,서울특별시 강남구 밤고개로24길 34
올림픽공원,127.1283333,37.51611111,서울특별시 송파구 올림픽로 424
올림픽공원,127.1272222,37.5125,서울특별시 송파구 방이동 88-2
방죽어린이공원,127.122775237,37.500815586,서울특별시 송파구 송이로15길 34
샛별어린이공원,127.1216667,37.49777778,서울특별시 송파구 송이로21길 33-27
올림픽공원,127.128,37.51388889,서울특별시 송파구 방이동 88-2
방화공원,126.8141667,37.58083333,서울특별시 강서구 금낭화로 176
보람어린이공원,127.1313889,37.525,서울특별시 강동구 양재대로85길 63
볕우물공원,127.1361111,37.55361111,서울특별시 강동구 고덕로24길 19-7
올림픽공원,127.1297222,37.51694444,서울특별시 송파구 올림픽로 424
천일어린이공원,127.1363889,37.545,서울특별시 강동구 구천면로42길 60
홍이공원,127.125,37.50111111,서울특별시 송파구 송이로17길 50-16
구암어린이공원,127.1377778,37.55666667,서울특별시 강동구 고덕로27길 43
가락공원,127.1244444,37.49888889,서울특별시 송파구 양재대로64길 42
가락공원,127.1239722,37.49766667,서울특별시 송파구 양재대로64길 42
성안어린이공원,127.135,37.53138889,서울특별시 강동구 양재대로97길 41
방화공원,126.8119444,37.5825,서울특별시 강서구 금낭화로 176
가락공원,127.125,37.49805556,서울특별시 송파구 중대로 179
가야금어린이공원,127.1294444,37.50861111,서울특별시 송파구 위례성대로22나길 27
큰솔어린이공원,127.127862927,37.504066483,서울특별시 송파구 중대로27길 9
성심어린이공원,127.137580156,37.538307766,서울특별시 강동구 천중로40길 66
온수도시자연공원,126.824952783,37.494764907,서울특별시 구로구 부일로7길 38
율현공원,127.11475,37.47636111,서울특별시 강남구 율현동 45-2
건너말공원,127.1238889,37.49194444,서울특별시 송파구 중대로10길 29
안산골어린이공원,127.126669403,37.497796001,서울특별시 송파구 송이로23길 46-10
율현공원,127.1130556,37.47244444,서울특별시 강남구 밤고개로21길 50
율현공원,127.1133889,37.47263889,서울특별시 강남구 율현동 146-19
율현공원,127.113247771,37.472300569,서울특별시 강남구 율현동 165-1
율현공원,127.113351916,37.472391046,서울특별시 강남구 율현동 170-1
푸른수목원,126.828,37.48555556,서울특별시 구로구 연동로 266-143
혜림어린이공원,127.14,37.54444444,서울특별시 강동구 천중로39길 77
율현공원,127.113415578,37.472107324,서울특별시 강남구 율현동 165-3
문정법조단지공원,127.1197222,37.48166667,서울특별시 송파구 문정동 399-1
복숭아어린이공원,127.1313889,37.50666667,서울특별시 송파구 마천로11길 3
율현공원,127.115924438,37.47466637,서울특별시 강남구 밤고개로21길 91
백토공원,127.1327778,37.50805556,서울특별시 송파구 양재대로72길 47-8
반딧불어린이공원,127.124114241,37.487884176,서울특별시 송파구 송파대로22길 18-6
오금공원,127.1305556,37.50194444,서울특별시 송파구 동남로 271
오금공원,127.1311111,37.50333333,서울특별시 송파구 동남로 271
수정어린이공원,127.126212618,37.489004017,서울특별시 송파구 동남로6나길 11-11
희망어린이공원,127.142,37.53888889,서울특별시 강동구 천중로50길 48-12
오동나무어린이공원,127.133825709,37.506324999,서울특별시 송파구 중대로34길 9-17
오금공원,127.1316667,37.50055556,서울특별시 송파구 동남로 271
암사정수센터 교차로 샘터,127.144113733,37.559234559,서울특별시 강동구 암사동 산 40-16
고덕수변생태공원,127.1569444,37.57,서울특별시 강동구 고덕동 365-9
방죽근린공원,127.1588889,37.55694444,서울특별시 강동구 동남로82길 94-58
향나무어린이공원,127.1441667,37.48972222,서울특별시 송파구 양산로4길 8
용마어린이공원,127.1486111,37.49972222,서울특별시 송파구 거마로24길 10
하늬어린이공원,127.1597222,37.54611111,서울특별시 강동구 상암로 331
개미어린이공원,127.146416827,37.492308868,서울특별시 송파구 오금로62길 10
샘터근린공원,127.1608333,37.56111111,서울특별시 강동구 동남로82길 69
배미골어린이공원,127.14700605,37.490897743,서울특별시 송파구 양산로8길 24
한우물어린이공원,127.1627778,37.56138889,서울특별시 강동구 아리수로72길 60-19
동명공원,127.1641667,37.56194444,서울특별시 강동구 아리수로78길 16
동명공원,127.1644444,37.56111111,서울특별시 강동구 아리수로78길 43-20
명린근린공원,127.165072121,37.549601807,서울특별시 강동구 상일동 185
동명공원,127.1661111,37.55916667,서울특별시 강동구 고덕로83길 55
동명공원,127.1661111,37.55916667,서울특별시 강동구 고덕로83길 55
동명공원,127.16863113,37.560150935,서울특별시 강동구 고덕로83길 55
천마공원,127.1583333,37.50027778,서울특별시 송파구 성내천로37길 37
말우물어린이공원,127.1697222,37.56,서울특별시 강동구 상일로21길 14-8
천마공원,127.1605556,37.5,서울특별시 송파구 성내천로35길 53
천상어린이공원,127.1586111,37.49388889,서울특별시 송파구 성내천로47길 22
게내수변공원,127.171502371,37.557993456,서울특별시 강동구 상일로 125
능골근린공원,127.174430356,37.556417436,서울특별시 강동구 상일동 536
광암정수장,127.1738889,37.51972222,경기도 하남시 서하남로 293
광암정수장,127.1741667,37.51916667,경기도 하남시 서하남로 293
